CustomerID,FirstName,LastName,Phone,Street,City,State,ZIP
LH18,Jason,Sanchez,001-943-989-0992x73353,4457 Brandon Passage,South Derek,Wisconsin,41838
SS47,Renee,Reynolds,267-114-3091x9563,596 Paul Squares,Annaton,Mississippi,07669
LS88,Joseph,Rogers,001-067-988-1602x880,44798 Wu Rapid Suite 684,South Loriburgh,Florida,77917
IW19,Anne,Richard,+1-489-617-7168x397,040 Hernandez Motorway,Ashleyland,Illinois,88451
EO32,Kenneth,Estrada,(535)876-5600x06458,08473 Amber Track,Garyborough,Michigan,52285
KM76,Shannon,Frost,293-727-6478,4531 Smith Loop Apt. 437,New Stephanie,Virginia,34513
SC90,Joshua,Wallace,529.197.4669x854,2010 Rachel Drive Apt. 768,Holmesbury,Illinois,25162
PY39,Susan,Rogers,401-281-5199,9340 Michelle Knoll,South Alexander,Tennessee,94165
WI69,Sarah,Hansen,831-596-3833x00898,61078 Amanda Rapids Apt. 910,Ramirezshire,Arizona,61227
LX91,Sara,Brown,9449686093,68530 Crystal Courts,West Richardview,Oklahoma,83958
ZE38,Cassandra,Hamilton,(604)909-2989x053,91444 Sanchez Center Suite 847,Josephside,Florida,76057
VN32,Maria,Johnson,(685)373-1791,767 James Shore Apt. 581,Rachelside,Michigan,22414
SW77,Matthew,Wright,+1-765-629-3309x535,60305 Morales Lodge Suite 694,Woodport,Montana,28547
ZD06,Kathryn,Montgomery,466.591.7083x7753,7532 Stephanie View,Colonmouth,Utah,44500
XZ21,Melissa,Estrada,(222)693-2520x8807,392 Rivera Coves Suite 126,East Lindsay,Virginia,47946
WB83,Jennifer,Williams,(486)253-7009x72315,6764 Ray Roads Suite 520,Campbellhaven,North Dakota,97018
NT87,Candace,Aguirre,+1-282-825-1590x76706,9773 Ronald Summit,Justinshire,Florida,30347
QE14,Tanya,Duran,218-749-0013x21661,68702 Parker Rapid Suite 613,Port Wesleyburgh,New Mexico,06046
PK10,Jacob,Campbell,(407)112-5097x48577,177 Karen Pass,Robertberg,Texas,32980
NP30,Pamela,Wilson,+1-540-302-6443x85743,8506 Christopher Flat Suite 458,South Johntown,Pennsylvania,09748
SE18,Matthew,Black,001-096-485-9533x54061,661 Hall Plaza Apt. 961,South David,South Carolina,60519
UJ89,Paul,Anderson,577.463.1093,701 Garcia Spurs Apt. 250,North Sharonshire,Florida,45098
TI76,Elizabeth,Day,159.790.2126x579,63201 Leah Square Apt. 560,Stephensstad,Louisiana,03166
WZ29,Melissa,Gonzalez,673.640.0165,739 Kristin Knoll Apt. 156,Lisaton,Indiana,02590
AZ91,Michael,Hernandez,376-589-3833x2866,15877 Lori Circles Suite 113,Roberttown,Nebraska,45058
VD90,Holly,Mills,+1-575-642-4982,6763 Griffin Springs,Moodyborough,Louisiana,04970
KT47,Anna,Robinson,480.171.2059x016,2742 John Points Apt. 978,Barajaschester,Oregon,53154
SR82,Patricia,Ward,131-726-3966,896 Craig Vista,Hollowaybury,Texas,32275
MA20,Mark,Li,+1-385-954-3485,68679 Williams Mill,Lake Lucasville,New Jersey,26793
VO72,Megan,Edwards,(511)177-4504,9112 Potter Stream Suite 683,Williamsville,Delaware,65810
TC12,David,Hunt,266-755-8500x808,5504 Mitchell Throughway,North Rachelport,Colorado,05270
BU06,Stephen,Herrera,(242)981-0530x9442,308 Kristine Spurs,Kramerborough,Michigan,95374
HW65,Rachel,Rogers,627.132.6137x72297,564 Carlos Fall,Kingburgh,Wisconsin,22751
TV91,Shelly,Schultz,+1-857-753-3453,541 Christian Crossing,Latashashire,Minnesota,09274
OQ64,Zachary,Scott,001-680-709-9390x15121,34355 Reed Streets Suite 677,Port Michael,Rhode Island,67549
MV94,Mary,Boyle,001-006-203-6983x95027,47377 Tanya Manor Apt. 620,Lauraside,Montana,76286
HD90,Steven,Cordova,+1-640-196-5773x7788,59233 Sara Points,West Jasonport,Mississippi,53438
PM10,Ronald,Hall,001-328-910-1259,133 Walker Drives,South Larryberg,Pennsylvania,70709
GZ50,Robert,Rojas,+1-225-333-4911,73984 Bridget Stream Apt. 710,Lake Michaelland,New Mexico,16864
GI43,Frank,Turner,+1-060-218-4854x745,0222 Chapman Estates Suite 987,Lake Eric,Oklahoma,49116
BG33,Ryan,Patterson,231-485-2068x5817,5439 John Pass Apt. 851,Port Meganmouth,Maine,76989
SG91,Sophia,Molina,317-202-4901x5711,3747 Salazar Wall Apt. 266,Shirleybury,Alabama,62248
VF21,Michael,Cantu,445-069-3960x5560,4354 Dodson Trace Apt. 258,Bartonfurt,Georgia,34648
PI59,Larry,Harding,768-540-3664,3821 Dunn Estate,Port Kathleenside,Connecticut,59682
KN15,Brooke,Smith,001-210-165-0918,7593 Tracy Street Apt. 658,Lewisport,Kentucky,07017
AC50,Randy,Curtis,+1-444-357-7912,96354 Hill Keys,West Loriville,Nevada,45812
EE97,Robert,Bryan,001-322-898-4093x1110,289 Larsen Street,Loweberg,New York,63804
XO90,Jessica,Martinez,(672)569-2020x334,6814 Reyes Stravenue,Port Jenna,Nebraska,30304
UL06,Lindsay,Johnson,(068)788-2395,7155 Colleen Dale Apt. 972,Brianville,Hawaii,08877
PM26,John,Thompson,+1-298-396-5604,9533 Ortiz Islands,Richardton,Minnesota,36457
CN68,Robert,Warren,+1-136-832-4009x844,91479 Jones Highway,East Randallhaven,Nevada,44863
XO71,Richard,Rodriguez,(832)433-9881,31094 Stacey Bypass,Pricebury,Maine,96693
VY77,Monica,Frost,636-903-7312x42107,710 Payne Point,New Timothy,West Virginia,50134
JI16,Catherine,Villa,+1-430-665-5729x405,58398 Scott Valleys Apt. 921,South Christopherport,Illinois,62809
LY21,Jamie,Mitchell,032-896-7390,93014 Jo Knoll,South Gregory,Maine,26618
HV68,Edward,White,189.425.9255x4897,98952 Wayne Trail,South Joseph,Alabama,26650
GH23,Ryan,Brown,704.081.6177x8915,803 Mallory Burgs,Port Heather,Illinois,73941
LL42,Bridget,Kramer,(616)556-6764x852,900 Curtis Crest Suite 285,Seantown,Kansas,08577
ZE09,Joseph,Cooper,+1-709-865-8826,108 Taylor Keys,East Richard,Maryland,35201
JD29,Samuel,Wu,453-898-4014x0501,6786 Amy Lock Apt. 223,Robertsborough,Kansas,94970
GM03,Paul,Maxwell,855.200.2000x450,60867 Debra Place Apt. 236,Freemanmouth,Wisconsin,37124
FM23,Jeremy,Ochoa,(331)539-9433x989,7282 Kimberly Rue,Ashleyburgh,New Mexico,46510
QZ25,Christopher,Stewart,039.293.0771x801,0879 Allison Locks Suite 573,New Christopherchester,North Dakota,19198
XG19,Tony,Miller,+1-546-144-1207x563,928 Thomas Squares Suite 446,Lake Ryanland,Maine,06061
WV30,Joseph,Johnson,001-064-632-8267,967 Wilson Ville,East Donaldtown,Colorado,01820
JE02,Lisa,Hooper,457-534-8298x276,5472 Alexander Ramp,West Danielmouth,Colorado,26773
LB59,Janet,Hill,709-005-2895,52797 Miranda Mews Apt. 082,Juanstad,South Carolina,79120
JN61,Carl,Garza,(932)512-5508x5946,3652 Bailey Expressway,North Jenny,Delaware,90599
DI49,Carrie,Morris,001-875-145-4615x652,84010 Alex Courts,Jamesmouth,Maryland,68020
NZ69,Christina,Ho,(255)275-9886x428,57645 Johnston Expressway Suite 648,Matthewfurt,Pennsylvania,06915
FJ52,Laura,Nichols,951-475-2664x6200,64857 White River,West Carlside,Wyoming,80265
ZC21,Sabrina,Green,414-118-2718,3020 Smith Inlet,Sherrybury,Illinois,37240
RB64,Katherine,Wilson,001-797-944-5533x9480,780 Lynch Mountain Suite 733,Shawntown,South Dakota,73694
YD54,Stephen,Miller,+1-466-098-5387x37061,43809 Knapp Mount Apt. 331,West Jacqueline,California,63439
TG76,David,Scott,+1-394-958-3942x380,55850 Olsen Roads,East Nicholas,New Mexico,34106
QF09,Claudia,Rodriguez,+1-797-455-3426x70272,06647 Howard Isle,Johnsonport,Texas,17597
KT67,Samantha,Mitchell,(804)329-2859,095 Joseph Trail,East Robert,New Mexico,70971
SU47,David,Williamson,(883)746-6839,4285 Stanley Branch,Jamieborough,Kansas,76331
NV33,Margaret,Lewis,+1-636-934-9617x6388,09102 Jennifer Meadow,Smithfurt,Utah,16388
SL13,Melissa,Cox,926-829-6263,0513 Dana Oval Apt. 459,Russellville,California,62478
ZG63,Eric,Gill,(743)243-6822x03033,4358 Sullivan Gardens Apt. 005,North Frank,Utah,51055
JA62,Nicholas,Keith,3542756237,2963 Dunlap Spur,Lake Stacy,Missouri,64859
ON87,Jay,Reynolds,834.623.0200x361,0932 Booth Station Apt. 934,East Scottshire,Minnesota,61247
GY28,Emily,Flores,933-820-4645,0130 Jeffrey Well,Wardfurt,Hawaii,42001
OC39,Andrew,Hogan,001-630-403-1453,56903 Jeffery Ports,New Jennifer,Alabama,24662
SN85,Peter,Flores,462-107-0316,850 Melvin Dale,Port Sara,North Dakota,71574
XJ50,Jasmine,Cardenas,107-744-6852x302,114 Calvin Summit Suite 686,Gonzalezborough,Louisiana,82227
WV19,Kimberly,Wood,001-241-674-7120x8512,90460 Bradford Ridges,Ericfort,Montana,11111
SQ57,Cheryl,Ryan,001-640-514-6850x7167,39647 Ashley Keys Apt. 942,Port Cole,Arkansas,45742
HT14,Kristin,Green,8372146326,201 Durham Inlet,Tuckerland,Alabama,26717
JM43,Scott,Drake,8240974627,892 Joel Meadow Apt. 167,West Amandabury,Idaho,26624
YJ67,Jose,Young,+1-127-903-0795x07293,603 Mays Rapid,Laurenfort,New Hampshire,92625
RE34,Angela,Parks,672-732-4224x755,790 Pedro Heights Suite 226,West Rebeccachester,Nevada,82714
FK58,Danny,Haynes,(421)115-0460x6049,96896 Christian Ford,New Donald,New Mexico,47062
IU30,Victoria,Johnson,279.465.9395x638,40508 Adriana Meadow Apt. 207,Santiagoview,Wisconsin,17505
PI53,Jason,Mcguire,1874422377,777 Sarah Dale Suite 887,Keithfurt,Michigan,21359
PI21,Amanda,Smith,006.294.7263x607,366 Francisco Stream,Leehaven,Illinois,51912
NP18,Christine,Madden,121-160-1387x515,2062 Richardson Plain,South Michaelfort,Alaska,33573
II72,Matthew,Gray,642.663.5685x260,719 Morris Views Apt. 525,Crossstad,New York,36466
LH70,Randall,Miller,001-120-631-1936x4370,0003 Long Locks Apt. 564,Deborahstad,Kentucky,55067
NR87,Gabriel,Cox,001-206-421-1766x9969,265 Jason Harbor Suite 453,North Heatherberg,Alabama,86875
PN74,Joshua,Jordan,781-461-1277x098,017 James Knolls,Wallside,Illinois,58424
OF40,Eric,Morales,741-055-7695x3311,5314 Diana Lake Suite 901,Stewartbury,New Jersey,48354
JG52,Jessica,Williams,2964529727,64252 Patrick Walks Apt. 215,Maynardside,Washington,32179
PS59,Richard,Lee,146-635-5194,42005 Russo Lock,Gilmorehaven,New Jersey,67784
JT23,Martha,Lee,(900)942-5197,7027 Martin Well Suite 901,Christensenberg,Missouri,95565
KA92,Donald,Bowen,(722)418-1043,226 Chen Gardens Suite 784,North Nicole,Texas,87242
BG38,Matthew,Lynch,(333)287-3048,535 David Trail,West Craigshire,New Jersey,51008
UO93,Darren,Walters,(225)102-2727,072 Doyle Harbor,Johnbury,Illinois,24897
SU68,Danny,Martin,922.992.0087,64204 Maldonado Mount Apt. 648,Valentinetown,Minnesota,24263
TC60,Julie,Hernandez,1491506674,6773 Williams Pine Apt. 937,Port Crystalstad,North Dakota,24519
AA74,Maria,Jimenez,001-467-428-3819x994,0862 Brent Course Suite 477,Bergerbury,Arizona,82566
XH51,Erin,Phillips,001-101-902-5685x0770,26856 Gina Spur,North Charlesfurt,Arkansas,79079
AU36,Morgan,Johns,001-372-122-0942x82441,8470 Koch Haven,Wardbury,Georgia,47180
GL54,Anna,Green,307.579.7808,5798 Hampton Wells Suite 016,Perezchester,Indiana,29818
UL32,Justin,Farley,103-114-5965,1412 Ryan Centers Apt. 573,Cartertown,North Carolina,82976
PL08,Diana,Hernandez,3932972481,307 Richard Stream,Marcside,South Dakota,18280
YB99,Diane,Ferguson,227.039.0422x4732,656 Jennifer Summit,Christopherside,South Carolina,55327
PX98,James,Shea,663-000-5657,888 Andrew Forges,East Erin,Indiana,10540
KU73,Cindy,Rogers,845.348.5859,10833 Ian Path,Lake Michaelmouth,Minnesota,59713
DY09,Sarah,Nunez,105-884-9730x919,5974 Lisa Spurs Apt. 975,Hernandezmouth,Virginia,55333
JF31,Tyler,Burke,369.979.1892x7142,96976 Pitts Via,Lake Carla,Maryland,72595
AD84,Sheri,Nunez,001-967-562-1285x217,7626 Morris Heights,New Laurie,Tennessee,22966
CD85,James,Gibson,+1-328-743-0741x58359,01048 Romero Cliff,Michaelhaven,New Jersey,91291
GB29,Monique,Mahoney,283.136.3523x096,385 William Flat,Nicolemouth,Maryland,93870
ZE04,Christopher,James,(622)491-1348,2636 Trevor Roads,South Cherylland,Idaho,82612
ZZ33,Jimmy,Aguirre,147.780.0226,73880 Marcus Ridges Apt. 834,Cathyside,North Dakota,86313
QI84,Mary,Roberts,179-965-6445x886,65605 Kimberly Point,North Robert,Idaho,00774
AG92,Carl,Garrett,349-192-4429,51076 Joshua Ford,North Matthewburgh,Illinois,75331
UV60,Christina,Herrera,(515)248-3418x27798,35920 Wendy Passage Apt. 186,East Jennifer,Rhode Island,77508
VX16,Brian,Nelson,978.605.8586x8648,4042 Brandi Ridge,Josephhaven,Texas,76197
AQ51,Eric,Johnson,001-621-575-5421,036 Douglas Village,Lewisville,Connecticut,88346
DH73,James,Hernandez,781.951.4149x98609,56564 Christopher Rest Suite 614,Bryantfurt,Hawaii,44472
JJ25,Desiree,Lam,001-031-373-1769,1074 Deborah Green,Williamhaven,Iowa,47695
QE35,Paul,Freeman,001-537-444-0950x54177,27828 Chapman Run,Bellbury,Oklahoma,71468
LP46,Holly,Adkins,506-073-5921,376 Brian Gateway Suite 246,Williamtown,West Virginia,50175
OZ71,Sarah,Valdez,288.534.1804x83790,35878 Colon Path,New William,Georgia,13329
UF49,Brian,Taylor,001-292-216-9110x562,14621 Janet Ports,Fullermouth,Montana,02471
XQ34,Denise,Holden,(125)914-8787,722 Sharon Inlet Suite 097,New Gabriellemouth,Arkansas,09395
VY11,Jessica,Garcia,077.301.3583,693 Ellis Roads,Mckinneybury,Ohio,27093
UY01,Ashley,Copeland,+1-766-110-8382x88713,968 Jackson Village Apt. 119,South Robert,Utah,30432
IF30,Christopher,Pearson,+1-396-866-8920x804,003 Jennifer Ports Suite 231,Victoriachester,Arizona,87402
BM61,Teresa,Edwards,001-725-891-4682x240,37701 David Fort Apt. 913,West Jennifertown,Arizona,55999
MG12,Michael,Hernandez,+1-020-869-0968x311,92293 Christian Lodge,South Elizabeth,Maine,91774
TJ75,Jasmine,Juarez,(938)385-5280,8880 Novak Neck Suite 178,South Meganbury,Rhode Island,25592
QX81,John,Vargas,819.026.8383x060,7306 Brenda Knoll Suite 504,West Amymouth,Vermont,22051
LK46,Alicia,Lopez,(685)201-8186x569,76653 Johnson Wells Apt. 914,Lake Ashleystad,New Jersey,77883
JC42,Devin,Chapman,(381)071-9751x2213,98851 Kyle Isle,Danielbury,Alabama,69494
IR44,Nancy,Robertson,+1-176-965-9069x86222,90099 Maxwell Union Apt. 375,South Jenna,Maine,96031
RD71,Angela,Hayes,(992)634-6417x640,706 Marissa Stravenue,Jacobsbury,Arkansas,35476
ZV49,Teresa,Fox,(241)158-0626x9462,1002 Cortez Locks,Nancyland,Idaho,93076
AT41,Casey,Goodman,1548278859,4222 Karen Cove,Kathleenburgh,Arizona,25593
CP52,Leah,Cardenas,760.004.9863x9971,563 Alexandra Islands Apt. 523,Joseshire,Kentucky,40414
EP19,Hannah,Johnson,(796)300-5492,75199 Stephanie Heights Suite 086,Jacksonchester,Louisiana,53963
PC26,Timothy,Hansen,(541)171-2313,95586 Pena Harbors Suite 307,Fitzpatrickberg,West Virginia,96168
FR53,Angela,Cross,001-901-454-9643x581,0894 Nguyen Villages,North Richard,Hawaii,50288
EM12,Angela,Vance,622.366.5288x68670,15263 Jennifer Curve,Gabriellemouth,West Virginia,01984
IL01,Erica,Bowers,289-561-8914x22308,16307 Walker Motorway Apt. 703,Paulchester,Maryland,16316
ZI08,Ryan,Douglas,+1-343-101-4660x803,1479 Kimberly Plaza Suite 128,South John,Louisiana,70897
ZC03,Christopher,Johnson,(517)488-2534,77337 Anthony Run Apt. 010,West William,Ohio,54691
QO48,Bobby,Mccarthy,159-648-3667,251 Angela Keys Apt. 646,Hortonport,Maine,53460
VK80,Jenna,Stone,+1-328-442-4583,549 Maureen Common Suite 547,Grantberg,Arkansas,47797
YM20,Jeremy,Dominguez,+1-291-134-9756x1273,51171 Stewart Run,East Nicholeburgh,West Virginia,15808
BB24,Jennifer,Valenzuela,001-224-000-9193,92712 Smith Groves,South Matthewbury,Wyoming,31833
GS29,Christopher,Clark,001-322-710-7047x314,7617 Miller Wells Suite 478,Hernandezland,South Dakota,26096
MU94,Albert,Fitzpatrick,523.846.9133,182 Sparks Street Apt. 314,North Curtistown,Utah,14826
AL37,Frank,Hall,309-332-3960,545 Keith Pines Suite 309,East Joseph,Wisconsin,45615
QE01,Michael,Padilla,284-960-4588x6221,06319 Oneal Keys Suite 238,Johnville,California,43049
BS70,Jacqueline,Sims,001-283-549-2429,9182 Lloyd Underpass,Scotthaven,Nevada,68457
RI05,Barbara,Wagner,707-223-9905x432,760 Duke Grove,Amychester,Florida,25844
UN50,Eric,Duncan,921-598-8122,6494 James Freeway Apt. 714,South Rhondaburgh,West Virginia,40024
VS69,Karina,Glass,+1-772-969-1394x18805,990 Perry Street,Terrenceton,Wyoming,88085
MO77,Karen,Christian,312-185-3684x6216,5966 Amy Crescent,Lake Mark,Idaho,08038
IK52,Jason,Young,930-858-1078x638,7999 Myers Lights Apt. 881,Susanburgh,Maine,75926
RX70,Luis,Thomas,(386)625-8143x819,41136 James Glens Suite 576,Sheenaview,South Carolina,02182
UP55,Timothy,Chambers,890-053-7692,788 Henderson Island,Port Sean,Michigan,73436
CT16,Olivia,Wang,(390)891-8827,157 Wendy View Suite 125,South Shane,Michigan,75778
DS87,David,Mckinney,859.721.7197x9342,50014 Jimenez Village Suite 216,West Wendy,California,42946
ZZ93,Joseph,Moore,(555)466-9846x06651,3912 Haynes Crossing Apt. 680,Sellersland,North Dakota,17274
ML44,David,Merritt,780.211.9648x986,7261 Hernandez Forge,Nunezborough,South Dakota,19918
KO91,Tyler,Short,862.878.9618x1365,6013 Jordan Stravenue Suite 824,Rubenton,Wisconsin,19823
CW76,Kelly,Graham,145.024.9274,85193 Nicole Underpass,Kathleenview,Vermont,57669
ZR15,Gabriel,Brown,994-330-1989,70912 Rollins Rapids Suite 143,Erinmouth,Ohio,03368
KK86,Jennifer,Walter,444.419.2107x23062,14875 Lisa Junction,West Whitney,Pennsylvania,85283
DJ33,David,Blankenship,176.164.2893x4082,93821 Gary Plaza,Port Curtisland,Alabama,10709
RH37,Donna,Davis,+1-359-477-4631x493,887 Morris Harbor Suite 559,Anthonyville,Nevada,63549
NP07,Ricky,Higgins,001-932-181-7231x49047,147 Vasquez Parkway,South Jenniferburgh,South Carolina,37960
OG95,Karen,Terry,055.002.3328x34656,3412 Anthony Isle,Ingramton,Pennsylvania,07501
LH00,Amy,Edwards,001-785-993-6333x052,5816 Kimberly Park Suite 700,New Cody,North Dakota,72588
UL17,Justin,Nichols,295-844-9754,007 Krystal Forge Apt. 434,West Brian,Louisiana,68815
TS80,Dawn,Gilbert,853-249-7266x39331,3370 Roy Dale,West Timothy,California,17365
TZ01,Julian,Steele,029-672-1383x69520,97542 Tabitha Forges Suite 796,Mannview,Arizona,07754
AQ34,Sharon,Williams,(246)741-0737,767 Carter Glen Apt. 028,West Bonnie,Wyoming,51509
XE79,Jessica,Jones,001-115-472-7672,42463 Gutierrez Wall Apt. 938,Port Billy,Maine,30429
TP37,Kristin,Black,+1-542-078-9605,378 Burton Mountains Apt. 896,Port Jonathan,Maine,99114
UK91,Cole,Roberts,175.181.9857,93126 Camacho Points Apt. 504,Singhview,Mississippi,38800
JJ34,Ruben,Roberts,610-059-6938x478,807 Cunningham Lodge,West Julieborough,Nevada,00651
ZL09,Julia,Jones,+1-504-863-3186x6320,927 Mendez Islands Suite 654,Tiffanyfort,Wyoming,70792
UB11,Teresa,Bentley,(530)655-3956x03002,927 Amy Prairie,Sandraborough,New Mexico,44962
SE46,Paul,Stanley,300.008.0361x360,44006 Moore Cape,Port Amystad,Washington,02336
KY69,Alexandra,Fisher,011.371.6011x14595,148 Brad Circles,Josephtown,Illinois,32116
TN11,Kathryn,Reed,7307864242,09625 Jason Pine,South Michael,Mississippi,86244
MQ21,Tina,Martinez,+1-967-257-8324x9318,52952 Brown Canyon,South Kaitlinberg,North Dakota,61592
TN97,Brian,Harrison,001-456-539-0194x91099,530 Bullock Alley Apt. 843,Danielland,Illinois,60847
YD89,Stephen,Chase,(584)288-9413x109,191 Michael Ports,West Lawrencefurt,Kansas,86362
VJ19,Taylor,Villarreal,1898463687,406 Amy Harbors,Ericside,Hawaii,71460
NG83,Daniel,Mcintyre,+1-116-091-5883x451,154 Thomas Lakes Apt. 679,New Tammyfurt,Alabama,05009
JK83,Anthony,Guerra,747.823.4215x159,3126 Jillian Shores,Joshuachester,Illinois,62340
PL50,Shelley,Williams,(249)265-8105x342,6820 Franklin Creek,Victoriaborough,Minnesota,31132
VT23,Justin,Schmitt,671.679.9773x910,423 Jeffery Pike Suite 733,Olsonborough,Colorado,56236
HZ41,Joseph,Harrison,(372)871-3359,6385 Fitzpatrick Crescent,North Richardberg,Maryland,74533
NP66,Anthony,Williams,+1-184-417-8173,99192 Escobar Road,East Amy,Massachusetts,55214
EB73,Zachary,Collins,998-083-8506,20742 Wolf Lock,Davidberg,Hawaii,92570
DD22,Evan,Daugherty,359-871-2756,58037 Cook Circle,Jesseburgh,Ohio,58949
RC78,Darlene,Delgado,(361)361-1255x583,99789 Hanson Route,New Andreaburgh,Illinois,28390
NX85,Lisa,Garrett,001-693-013-9433x691,783 Elizabeth Hills Apt. 635,Thompsonmouth,Kentucky,90614
YO93,John,Flores,(038)230-5978x92675,92079 Wyatt Points Apt. 713,Evanstown,Connecticut,44348
QC95,Jennifer,Martinez,(577)466-5798,192 Horton Parks Apt. 511,South Todd,Ohio,79497
QE55,Robert,Young,+1-422-131-4682x7903,23973 Lindsey Bypass Apt. 814,Nicoleburgh,Maryland,67803
GI60,Edward,Robertson,(254)789-8916,68385 Jefferson Cliff Suite 032,Perkinston,Tennessee,14877
LX95,Barry,Guzman,001-913-817-8265x931,65306 Manuel Circles,Ashleymouth,Iowa,51841
PN73,Nicholas,Delgado,527-050-6906x280,9767 Kathryn Prairie,Nicholeside,Iowa,41442
AQ69,Melissa,Jones,001-038-561-8088x178,1788 Terri Field,South Henry,Kentucky,80058
YQ72,Devin,Herrera,259.941.9848x306,25988 Webster Ville,East Cole,Tennessee,79886
ZY60,Tiffany,Braun,+1-127-313-3012,02736 Anne Falls,East Robertview,Washington,08224
AS66,Donna,Cox,080.810.5597,4916 Rachel Islands,Christineport,Washington,31138
JY62,Lee,Bridges,560-381-8642x04531,211 Justin Ridge,Lopezchester,Rhode Island,02692
CD84,Tanya,Morgan,001-730-313-8941x0150,908 Lloyd Springs Apt. 278,Rogersbury,Kansas,28901
TS19,Patrick,Nelson,+1-426-137-4887x1632,758 Scott Crest Apt. 557,Jamesfort,Massachusetts,38494
WO24,Kristy,Fernandez,264-683-7220,01601 Barajas Streets Apt. 533,New Amanda,Texas,01676
ZD40,James,Padilla,(449)699-0936x43048,580 Pamela Estate Apt. 884,Lake Luis,South Carolina,51703
TS30,Sarah,Gutierrez,377.175.2326,607 Miller Camp,Sierraview,New Hampshire,96985
KQ89,Jacob,Gray,957-078-2726,16941 Jason Highway Suite 450,Karenshire,Pennsylvania,22147
BE22,Tanya,Fernandez,001-863-982-2465,7030 Carter Fords,North Brittany,South Carolina,35446
VS61,Bobby,Rice,2475214801,47198 Scott Estates Apt. 406,Lake Anthonyberg,Vermont,17444
GL50,Katherine,Patel,334-489-8591,01870 Cooper Dale,Jonesstad,Indiana,50048
AG74,Karen,Stewart,+1-915-027-9813,67363 Andrea Drives Suite 128,Riveraside,Nebraska,67167
EP70,John,Sawyer,840-181-1463x316,05005 Tanner Underpass,East Regina,Massachusetts,99196
MV84,Meagan,Haley,001-197-276-1502x5990,80562 Gonzalez Mills,West Ronaldville,New York,60088
ZA20,Kyle,Powell,001-364-119-6301x921,6404 Patel Parkways Suite 985,East Franceshaven,Oregon,71571
IG41,Scott,Acosta,(560)292-0524x765,6222 Michael Extension Suite 187,Mooreside,Wyoming,18747
MT33,Nicole,Wolfe,1496629506,88580 Knight View,Penachester,Tennessee,94088
YM82,Michael,Anderson,4305262772,9574 Reyes Land,Smithhaven,Wisconsin,52151
NO02,Jerry,Austin,001-765-408-0800x576,42327 Eric Islands Suite 760,Nicholaston,West Virginia,27075
AQ75,Daniel,Gallagher,(584)608-7960x537,254 Trevor Walks,Kimberlyhaven,South Carolina,70030
IM49,Danny,Brennan,807.143.2855x149,2443 Garcia Port,West Troyhaven,Texas,18213
UQ75,Matthew,Benson,452-848-3724x8994,9481 Lucas Dale Apt. 835,Alisonside,North Dakota,52481
WJ81,Renee,Garcia,(958)070-4817x19963,2095 Lynn Brooks,Jamesbury,Rhode Island,38248
YQ62,Jeffrey,Brewer,(888)597-0189x340,451 Macdonald Gateway Suite 511,Port Annebury,Missouri,06248
JU55,Clinton,Haley,1884355326,9744 Decker Alley Suite 204,Robinsonfort,Florida,09707
AK46,Nathaniel,Burnett,014-169-8188x62307,132 Whitney Lakes Apt. 256,Calhounshire,Maine,37136
PS39,Melissa,Miller,001-279-890-1966x46705,570 Karen Springs Apt. 529,New Melinda,Florida,74680
AF92,Stacey,Buck,001-217-164-6585x01022,98066 Gardner Summit,South Christina,Illinois,35665
QK61,Angel,Robbins,282-089-4928,49119 Gregg Isle Suite 239,Thompsonfort,Ohio,07177
UR13,Samuel,Evans,+1-296-613-6076,54408 Jenkins Green,Franktown,Iowa,72445
TP21,Kelly,King,(789)862-1948,672 Smith Neck,Williamsfurt,North Carolina,12934
AA34,Andrew,Johnson,482-820-6737,28309 Chandler Mill Apt. 837,Lake Lawrencefort,Illinois,61957
QI60,Jonathon,Campbell,180-124-0988x749,442 Spencer Springs Apt. 861,Christianport,Rhode Island,94401
UY63,Rachael,Reed,646.369.9044x837,90923 Larry Green,Woodwardfurt,Delaware,78575
ON60,Mark,Frank,(607)367-9831x870,3838 Smith Meadow,East Andre,Idaho,07047
XH07,David,Kramer,001-465-612-8198x723,065 Kimberly Squares Apt. 868,Burgessfurt,New Hampshire,62176
CK23,Stephanie,Compton,001-759-033-5093x15760,415 Daryl Ranch Suite 135,Jakebury,Florida,32641
GM98,Mark,Wang,001-227-577-4567x92030,4215 Kimberly Crest,East Antoniomouth,Nevada,93066
PA59,Gabriel,Pope,566-378-6241x97963,952 Kelli Avenue Suite 562,Nolanton,Pennsylvania,52925
VZ53,Brandon,Gonzalez,0509539331,379 Nicole Green,Lake Tinafort,South Carolina,41019
JR66,Stephen,Valdez,275.196.7638x726,25836 Keith Street Apt. 672,Lake Laura,Iowa,03503
TE69,Michael,Vaughn,228.430.5892x9452,236 Campbell Forks Suite 750,Robertsville,Florida,31354
TH13,Joshua,Thomas,719-726-9096,322 Joel Drives Apt. 240,Santanaton,Missouri,10140
OO22,Sean,Gomez,815.553.7987x9028,506 Moore Lights Suite 175,South Danielhaven,Maryland,23470
YW56,Brian,Miller,911.039.3475x2960,25886 Beltran Drive Apt. 167,Jacksonburgh,North Carolina,80413
YL39,Tonya,Smith,(686)095-9437,3538 Burton Trace,Gregoryfurt,Nebraska,48024
BH70,Steven,Franco,(122)589-7958x615,8304 Buckley Gateway,South Lawrence,Virginia,12441
XZ72,Erin,Sanchez,8032721575,864 James Streets,Kimberlyland,Ohio,09032
AN25,Amanda,Arnold,436.630.9901,5156 Holt Stravenue Apt. 166,Ramirezville,Tennessee,14291
ZT98,Thomas,Vasquez,001-109-081-5246x9181,07500 Kara Springs Suite 223,Gonzaleshaven,Texas,40447
FF04,Melissa,Reynolds,(586)478-3670x194,638 Sophia Points Suite 206,Jeremychester,Minnesota,43550
TQ02,Holly,Parker,734.195.8846,11961 Torres Plaza Suite 655,Juliaberg,Kansas,19002
HN10,Shawn,Russell,628.024.8181x72942,2892 Mills Path,West Nicoletown,Vermont,20106
CZ05,Keith,Carlson,2738175715,7767 Thomas Flats Suite 104,Mcmahonchester,Washington,95766
UQ39,Stephen,Williams,044-430-0823x930,381 Joseph Brooks,West Patrickbury,Texas,19442
CV47,Lauren,Wilson,001-767-616-2639x7569,116 Rich Groves,Christinashire,Michigan,99368
WR15,Stephen,Perez,+1-790-958-1121,15631 Jones Avenue,Bradleyfurt,Alabama,74570
HP12,David,Hood,257-542-3934x47625,43252 Sharon Lane Apt. 716,Port Valerie,New Jersey,02093
QR27,Teresa,Jackson,797.987.4708x5822,1093 Gomez View,Lake Timothyview,Florida,43838
YK08,Nathaniel,Young,030-478-6924x72093,91090 Crystal Mall,Jonesborough,Georgia,38511
XE50,Laurie,Briggs,(397)995-1427x5306,916 Evans Spurs,New Robertland,Minnesota,12945
LP05,Elaine,Taylor,7129919275,5260 Natasha Union,Phillipburgh,Connecticut,87968
ZV23,Whitney,Banks,001-229-187-8522,18089 Christina Skyway Apt. 750,Lake Teresa,Massachusetts,65138
YB63,Alfred,Sharp,5958144230,5033 Berry Prairie Apt. 760,Sierraberg,Wisconsin,73070
EG61,Sharon,Grimes,+1-010-754-2678x213,1171 Cruz Creek Suite 685,Santosstad,Georgia,70427
NS20,Joseph,Sanchez,+1-892-445-2551,4982 Rachel Circle,North Ginamouth,Alabama,77059
QN94,Anna,Newton,(668)680-5199,39637 Marquez Flats,Lake David,Oklahoma,86800
HJ33,Brian,Wright,647-007-2449x13442,8709 Martinez Roads Suite 280,Riosville,California,87120
VG61,Michael,Collins,+1-184-551-0183x79307,0787 Jason Extension,Andrewsville,Alabama,99812
WK11,Amber,Rodriguez,+1-650-348-5700x9720,885 Brad Street Apt. 554,East Leah,Washington,31173
DI83,Audrey,Thornton,+1-260-030-1016,60230 Adam Stravenue Suite 001,Lake Jeremyfurt,Indiana,97612
WY94,Sarah,Young,(236)275-8178,6906 Beasley Springs,North Sabrinaville,Connecticut,26092
UF87,David,Lee,+1-621-992-6551x0751,24277 White Skyway Suite 095,North Michael,Colorado,06969
IG08,Caroline,Schaefer,390-807-1013,5248 Michelle Village,Petershaven,Florida,44076
EK42,Brandon,Pearson,642.497.3224,700 Hill Mill Suite 921,West Elizabethmouth,Wyoming,69951
RG61,Michael,Thomas,9335100474,32768 Catherine Park,Johnsonburgh,Colorado,51564
AG25,Samantha,Bates,(158)488-7667x29585,897 Erika Common Suite 527,East Nathanside,Wisconsin,30466
XH93,Gary,Mora,(913)309-8891,83355 Alexander Row,Dixonland,Connecticut,59442
TI11,Carl,Blake,001-252-422-4572x853,877 Ramirez Islands,Valeriehaven,Montana,83555
AQ52,Ana,Gutierrez,918-828-7500x515,64137 Melissa Harbor,South Holly,Idaho,97510
SV23,Erica,Smith,7850441727,907 Castillo Road Suite 589,Hammondfurt,Arkansas,50274
PB48,Diane,Yoder,665.917.0547,501 Taylor Manor,Jacksonton,Utah,52541
NG93,Erik,Macdonald,(326)541-3613x1748,91661 Floyd Crossroad Suite 836,Stonefurt,Washington,15236
RL68,Caleb,Baird,+1-412-131-1913,33739 Stewart Point,Michellehaven,Nevada,49596
UW51,Wendy,Smith,2876374882,9055 Stephens Stravenue Apt. 361,New David,Indiana,87172
TI38,Kristen,Brown,001-249-744-8822,444 Gonzales Branch Suite 698,Kristenport,Georgia,52702
AN97,Sandra,Sweeney,366-142-9243,12965 Murphy Club,Stephenberg,New Jersey,95337
DS06,Paul,Jones,005-332-6281x7215,0506 Barr Station,Ariasmouth,Pennsylvania,13373
GI41,Ryan,Spencer,188.237.7294,79037 Betty Ports Apt. 115,Browntown,Connecticut,26975
XH45,Christian,Brown,838-500-4966x659,56068 Alyssa Tunnel Suite 034,North Toddfurt,Hawaii,44034
LK25,Austin,Sullivan,370.105.8081,633 Clements Park,East Danielleport,Ohio,17282
SJ22,Angela,Lynch,001-824-911-1769x289,3198 Mullins Ford,East Jennifermouth,Ohio,07386
RZ32,Alexis,Bautista,887.407.0398,52503 Roth Light,Terrichester,New Hampshire,38369
VK49,Tiffany,Robinson,859.939.7416x90409,3412 Hailey Shore Apt. 092,North Leslie,Oregon,66899
ZR09,Tom,Richards,918-413-6318x7337,89282 Marcus Burgs Suite 248,Port Jerome,Nebraska,29310
JM58,Tina,Marquez,5118680001,21338 Jared Crossroad Suite 994,Kathyview,North Dakota,18319
VP15,Sabrina,Mills,4692732197,8579 Sandoval Parks Suite 314,Smithchester,Tennessee,54743
FK61,Anne,Collins,398-556-2671,49363 Bailey Neck Apt. 421,Wigginsview,West Virginia,60360
MK30,Lorraine,Ballard,3479681211,445 Brown Divide,Joneshaven,Georgia,30760
ZP30,Sara,Johnson,(474)986-3237x0678,637 Jason Trail Apt. 501,South Tracey,Pennsylvania,73106
VR07,Robert,Ramirez,556-296-8769,16933 Hill Vista Suite 235,Davidland,Nebraska,17747
BP46,Richard,Howard,358-085-4670x32818,053 Timothy Turnpike Suite 353,Rodriguezberg,Delaware,74165
VP96,Deborah,Hurley,(537)196-8193x43043,134 Campbell Fork,Lake Victoriaville,Connecticut,27735
HO51,Brittany,Carey,1956716390,86707 Crystal Trafficway,Carlsonbury,Rhode Island,94387
UI53,Jesus,Stewart,0836879038,422 Andrews Shoals,Michelletown,Utah,64814
OH22,Bruce,Petersen,(507)480-0996x111,8696 Carla Passage Suite 333,Lisaberg,Idaho,64106
WU59,Megan,Campbell,5070691067,3882 Lewis Shores Apt. 470,Johnsberg,Kansas,67035
PU29,Caroline,Nicholson,(601)209-6573,219 Mcdonald Springs Apt. 590,Mcdanielland,New Hampshire,43731
IB20,James,Fields,5314080423,37450 Kara Pass,East Marissafurt,Arizona,09500
WV51,Debra,Fernandez,973.916.6572,26726 Roberts Path,Port Veronicastad,Alaska,37345
DB73,Alexis,Chambers,001-189-147-5284,6402 Steven Trail,North Kendra,Montana,41575
QS96,Scott,Richards,001-273-337-1627,898 Ramirez Shoal Apt. 480,North Garyton,Montana,45609
LF58,Michelle,Taylor,(243)981-3486x519,6055 Daniel Grove,Rivasfurt,Pennsylvania,22409
UT02,Marc,Jones,(188)086-5127,99470 Rivera Camp,Lake Emily,Maine,06330
YP08,Denise,Fleming,874.713.2463x813,65892 Daniel Groves,Cassidymouth,New Hampshire,15228
JN75,Marissa,Mcintosh,+1-743-426-1542x45703,71431 Evans Gateway,Taylorbury,Wyoming,34328
PX52,Valerie,Green,001-177-363-8204x5723,690 Smith Bypass Suite 874,East Elizabeth,Montana,01220
GZ89,Tammy,Miller,(813)820-1409x447,7782 Jessica Locks Apt. 640,North Jesus,Louisiana,95987
PF12,Chad,Brady,9955951025,352 Donald Drive Suite 471,Jacobville,Nebraska,47928
EM27,Joanne,Johnson,485.117.3480,13693 Long Loop Suite 134,North Alyssaberg,Illinois,12930
EC33,Christopher,Brooks,(357)724-1743,883 Johnny Trace,South Ashley,Arkansas,71012
RV95,Stephen,Mack,(172)537-6009x85265,287 Mcdowell Park,North James,Pennsylvania,28262
ZN91,Bobby,Fletcher,001-255-870-8329x58334,2611 Tonya Manors,Gillespieton,Michigan,33653
IQ94,James,Hendrix,324.555.5744,012 Danielle Burg Suite 749,Lake Josephfort,Idaho,36422
MS84,David,Parker,+1-449-670-1497x2331,759 Eric Forest Apt. 830,Lake Nicole,California,06033
CY20,Joe,Ramos,956-200-2071,85629 Laurie Mews,Laurenberg,Delaware,40863
VX09,Mark,Ford,+1-993-061-6670x2662,2904 Richards Ports Apt. 400,Port Angela,Massachusetts,29656
NX43,Jennifer,Barnes,703.782.9463x86209,7722 Brian Crossroad Suite 469,Williamsmouth,Nebraska,47061
LR82,William,Marshall,094.719.6186,05496 Mosley Circle Apt. 389,New Amanda,New Mexico,33493
IZ99,Katherine,Brooks,7171657166,035 Joanna Inlet,Dariusport,Pennsylvania,00665
HP65,Nicholas,Peters,(365)568-1266x0145,478 Joshua Stream Apt. 873,Micheleshire,Pennsylvania,24210
FE16,Heather,Hartman,(950)990-8640x77784,54937 Kelly Flats Apt. 959,South Aaron,Minnesota,80668
WV82,Erika,Little,(816)760-7376,462 Mccoy Locks Suite 707,Longfurt,Kansas,70987
DI96,Matthew,Lopez,038-153-2033,473 York Roads,West Lancefort,Arizona,98781
KG99,Megan,Moody,7068795279,9832 Camacho Rest,Alexanderberg,Minnesota,41143
JT61,Joshua,Carlson,679-619-7141x771,10371 Butler Ford,North Marcus,Montana,09859
AG51,Patricia,Burton,016.792.9143x1281,610 Matthew Keys Suite 716,East Jessica,Florida,29590
OJ62,Cynthia,Edwards,243.138.8689x22293,8679 Fernandez Summit Apt. 071,Juliafort,Kentucky,47532
TB00,Francisco,Atkinson,475-042-6868x77081,8453 Campbell Turnpike,Port Catherine,Georgia,07999
GH94,Timothy,Smith,313.829.4971x659,11259 Smith Orchard Apt. 714,Vincentfort,Hawaii,85936
CI83,Janice,Powell,194.085.8847x59536,3970 Melissa Dam Apt. 642,East Elizabeth,New Jersey,27375
PS82,Robert,Williams,7240275877,29927 Drew Parkway Suite 181,Kelleystad,Rhode Island,31484
XM24,Shelley,Garcia,360-994-0727x205,649 Tamara Gateway Apt. 634,South Matthew,Oklahoma,14361
ZP71,Margaret,Perkins,+1-524-036-6253,5877 Pratt Causeway,Port Samantha,South Dakota,40367
PQ17,John,Martinez,(888)276-9114x28929,148 Moore Bridge,Wallacebury,North Carolina,15245
EV32,Tracey,Johnston,001-639-542-3115,966 Hailey Landing Apt. 280,West Danielle,Georgia,76053
BK88,Nicholas,Woods,2653626656,12106 Butler Loaf Suite 846,Michaelville,Missouri,93379
VW80,April,Lindsey,984-031-0351x12801,52408 Hicks Walks Suite 605,East Brendan,New York,34029
EU14,Justin,Wheeler,+1-974-789-9788x29402,3325 Amy Oval Apt. 352,South Sean,North Dakota,52067
LX46,Benjamin,Jackson,184-906-0458,886 Thomas Station Apt. 725,Port Jerryport,Alabama,35223
TU98,Noah,Ballard,720-463-4869x32934,15091 Tony Forest,Smithtown,Ohio,97605
KS91,Kathy,Smith,332.202.5760,9685 Victoria Avenue Suite 131,Hernandezview,Florida,96604
DT65,Joel,Hernandez,341-119-3567x25510,818 Martinez Street Suite 463,Marshalltown,Rhode Island,88217
HJ83,Brandon,Alvarez,(136)944-1288x7263,364 Jordan Highway Apt. 964,East Gary,South Dakota,44650
HH50,Wendy,Webster,492-985-0622x48519,013 Maria Center Suite 485,Martinbury,Iowa,03880
VV79,Chase,Cuevas,001-531-833-3150x4561,0811 Jason Path Apt. 043,Rosalesshire,Hawaii,30959
JS72,Edward,Holland,2894025955,630 David Mission,New Chad,Virginia,88362
DE67,Mallory,Harris,2421708661,597 Phillips Summit Suite 865,Port Melissa,New York,91421
TI68,Daniel,York,(869)136-3976x23594,149 Stephen Spurs,Meganbury,Tennessee,57480
EC93,John,Foster,001-784-623-0760x40147,109 Anna Highway Suite 501,Anthonybury,Illinois,61003
KR01,Ryan,Wiley,(471)023-5347x15673,265 Lucas Corner,North Crystalmouth,North Carolina,95830
DN63,Cynthia,Pearson,691-738-8910,84099 Black Cove Suite 410,Lewismouth,New Jersey,63134
JE99,Andrew,Payne,330-649-5543x57753,0054 Bennett Wall Apt. 773,Patrickview,Mississippi,30692
FL31,Taylor,Lyons,909-575-9134,2605 Garrison Landing Apt. 139,Flowersstad,Oklahoma,58301
EY22,Jeremy,Turner,+1-669-483-3865x90364,92257 Brenda Square Suite 085,Tiffanybury,Arizona,41002
NT14,Lisa,Dominguez,001-075-608-1095,987 Walker Pike Apt. 848,East John,Alaska,78320
HH04,Ashley,Crawford,981-204-2343x076,38651 Thomas Stream Apt. 869,Foleyport,Wisconsin,97266
JI49,Charles,Sutton,(157)552-9983x87281,0364 White Highway Suite 140,East Elizabeth,Louisiana,64010
XW46,Eric,Ross,681-411-5651x969,387 Jones Lodge Apt. 881,Danielburgh,Utah,17933
SX64,Victor,Valdez,001-432-770-7808x36218,4556 Michele Row Apt. 376,Jasontown,Alabama,95457
VC97,Frank,Moses,(755)955-2870x9833,887 Gibbs Crossroad Apt. 929,Port Andrewmouth,Kentucky,05876
AN40,Olivia,Murphy,499.070.6670x15510,050 Linda Summit Suite 065,Leblancfurt,Ohio,03364
EV51,Dennis,Adams,001-531-125-0189,203 Petersen Estate Apt. 018,Leslieshire,Wisconsin,48993
PX59,Bryan,Willis,+1-370-507-6672x095,915 Coleman Manors Apt. 516,Arielshire,New York,23465
KJ29,Lisa,Scott,634.676.8796x8611,33263 Gonzalez Walks,Brooksbury,Wisconsin,34736
KB58,Stephen,Perez,(796)328-9568,19640 Debra Bridge,Wilkersonside,New Hampshire,80923
UI26,Sara,Long,096-126-1586x1332,81784 Gibson Keys,Lake Rebecca,Massachusetts,21353
TQ57,Richard,Johnson,687-187-2461,263 Mack Vista,New Stephenstad,Georgia,98433
JC23,Julie,Garcia,+1-574-392-4878x39678,09107 Nguyen Creek Apt. 550,Johnstad,New Mexico,76314
DJ84,Lisa,Garcia,+1-348-246-4696x4885,1398 Bell Isle,North Christopher,Maine,75108
JA53,Amber,Dillon,+1-833-271-2717,88512 Antonio Keys Suite 817,New Adambury,New Mexico,40581
DM39,Alfred,Bates,255-756-2425x21924,2749 Jeremy Springs Apt. 884,Loriside,North Carolina,60769
NP99,Richard,Cervantes,3535151996,11476 Mcdowell Rapid,Sonyaside,Utah,96457
HP32,Lawrence,Stanley,344.681.0203x89319,5772 Scott Ports Apt. 108,Jacobborough,Nevada,02722
NW04,Andrea,Dickerson,(658)796-6601,0165 Jerome Shore Suite 462,Caseland,South Carolina,81663
SU65,Meredith,Taylor,056.546.2214,61540 Candice Ford Apt. 637,Hillstad,New Mexico,42595
EC47,Erica,Gillespie,519-661-6817x35418,81330 Hoover Forges Suite 974,Annmouth,Arizona,90127
OU11,John,Price,629-760-1088x356,1928 Dana Overpass Suite 886,Reginabury,Ohio,84723
BV27,Kevin,Stewart,702-457-0327x1809,98099 Jasmine Locks Apt. 063,Manuelton,New York,03692
MP94,Amanda,White,797.758.8764x6022,9117 Lisa Points Apt. 337,South Valeriefurt,New York,27781
EH28,Nicholas,Ferguson,(495)788-4188,20757 Sean Shoal,West Aaron,New Jersey,46212
XM41,Tracie,Ochoa,890.312.2693,58823 Ethan Flat Suite 355,Jeremyville,Iowa,50946
RS72,Brittany,Flores,250.026.7560,166 Cynthia Throughway,Port Damon,Missouri,18985
SR10,Keith,Santiago,+1-700-418-9605x9056,27154 James Causeway,Colefort,South Dakota,21300
UC69,Maxwell,Lee,919-422-0444x88981,011 Christine Overpass Suite 343,Bushmouth,Illinois,78230
GC75,Shawn,Smith,+1-996-008-2778,5604 Williams Trail Suite 718,Brendaport,Oklahoma,63794
YX37,William,Edwards,+1-250-548-8674x982,17128 Hernandez Trace Suite 077,East Williamville,Ohio,04846
IS17,Andrea,Drake,001-825-936-1755x4781,43389 Christina Burgs Suite 148,North Justinside,Georgia,80931
PE95,William,Phillips,(498)956-7968x11933,07833 Michael Meadow Suite 541,Lake Erica,Missouri,84795
LN80,Priscilla,Spencer,001-743-998-7652,030 Davis Isle Apt. 728,Roachstad,Florida,34952
EB95,Kenneth,Long,(518)036-4133x227,47777 Amanda Cliffs Suite 906,New Lisa,Massachusetts,07843
RY46,Juan,Odonnell,858.469.7319x43041,485 Samuel Rest,North Andrew,Washington,54406
ES01,Eugene,Gallegos,+1-666-663-5753x700,614 Garcia Ports Apt. 767,Port Teresaland,Connecticut,01379
JV54,Hailey,Black,(792)642-0921,22276 Jackson Falls Suite 170,East Emilyborough,Kansas,56233
LM77,Arthur,Gardner,+1-079-713-5032x709,9448 Zachary Common,South Brandon,Oklahoma,39880
EF75,Jessica,Hamilton,+1-483-761-8391x8010,04518 Autumn Road Suite 070,Webbborough,Ohio,49375
ZW11,Amanda,Bryant,+1-328-347-8548x795,554 Kristen Freeway Suite 645,North Sabrina,Texas,63982
KE62,Michael,Smith,+1-839-637-7442x4071,5419 Barber Drive,North Jeremyburgh,Maryland,16713
QO27,Chad,Gilmore,(931)701-6256x572,336 John Squares,East Theresahaven,Alaska,72376
SZ65,Randy,Cuevas,(310)390-6661x94061,2010 Megan Vista,Mooreview,Wyoming,83426
PS03,Sophia,Cortez,(835)664-6823x1426,04647 Carson Passage Apt. 675,Jenniferhaven,Vermont,33009
KF42,Brandon,Bennett,001-783-573-3904x29171,1008 Holly Vista,North Stacybury,Louisiana,24508
MW79,Michael,Hood,+1-764-460-9500x4218,104 Heidi Alley,Erikstad,Rhode Island,70776
CG21,Brandon,Salinas,(167)519-4022x45889,29713 Reynolds Way Suite 872,Andersonborough,Oklahoma,54589
HK70,Sara,Mcguire,(353)584-9846,64879 Reed Grove,Schmidtton,Mississippi,71905
UM01,Dawn,Mcgee,+1-764-768-5035x2687,725 Kim Garden Suite 682,South Geraldville,Louisiana,61654
LK63,Thomas,Wagner,836-396-7476x28528,699 Paul Islands,South Benjamin,Delaware,53072
LG37,Michael,Allen,715.081.2582x2541,07413 John Summit,Huynhbury,Illinois,22926
YS77,Johnny,Malone,001-026-423-7726x583,348 Elijah Centers,Toniland,New York,32536
XH39,Larry,Daniels,+1-730-622-3109x1241,95582 Wagner Keys,Lake Rachelhaven,Utah,72629
KL90,Rachel,Jones,261-117-1411x758,842 Meyer Locks Suite 851,West Lesliebury,Arkansas,86101
VX16,Elizabeth,Miller,439-739-9769x48318,4937 Stephens Ramp,East Kimberly,Wyoming,17277
CW50,Antonio,King,(922)374-4620,651 Karen Point Apt. 395,Lake Jenniferstad,Iowa,45408
RB55,Cynthia,Glenn,(470)997-0995x0250,87827 Colton Spurs,North Jorgeton,Oregon,74530
QN75,Jeremy,Gomez,(106)921-1363x8729,19215 Williams Plains Apt. 235,Matthewland,Oregon,53856
JK33,Cindy,Thomas,158.800.2554x789,840 Tracy Spur Apt. 173,Ortizton,Georgia,07298
YS86,Jon,Smith,+1-642-976-9488x6169,6360 Meyers Trafficway Suite 226,Port Kathyberg,Louisiana,36632
TA30,Martin,Brewer,001-527-021-4207x3234,6231 George Trail Suite 420,Powellmouth,West Virginia,02844
EH28,Patricia,Ortiz,001-775-220-9681x8948,85767 Campbell Roads,Brittanystad,Colorado,04018
WZ50,Charles,Dickerson,001-662-928-2442x3735,2315 Amanda Neck Suite 999,Port Paulland,Rhode Island,45660
CN30,Brenda,Lewis,(925)329-9992x977,74465 Ashley Ranch,Kathleenside,Arkansas,12380
UQ18,Tracey,Perez,001-849-770-8842x3922,10346 Kristen Motorway Suite 062,North Jayton,Delaware,04428
ZL72,Jill,Dyer,001-315-684-5611x4932,9896 Marshall Track Apt. 926,New Tracy,Vermont,49239
GF95,Pamela,Jackson,426.954.5907,533 Johnson Tunnel Apt. 248,North Hailey,Michigan,75441
GM84,John,Camacho,001-545-709-1018x48801,7702 Christina Unions,Thompsonport,North Carolina,74493
BD97,Jeremiah,Shepard,+1-691-086-2055,099 Gray Walks,South Ronald,Indiana,52259
UN37,Tracie,Myers,+1-245-530-8109,629 Johnson Walks,New Julie,Illinois,40577
ZU10,Daniel,Spencer,(799)253-1920x9179,50045 Raymond Summit,Port Raymond,Texas,35953
MW94,Jesus,Mckinney,966.646.6823,29373 Jessica Pine,Lake Susan,West Virginia,88230
UM17,Tiffany,Murphy,+1-211-427-2527x51777,553 Seth Hollow Apt. 769,Ballland,Colorado,64877
SD69,Robert,Jones,864-638-0604,89735 Terri Brook,South Vanessa,Tennessee,45823
RL17,Wendy,Pierce,001-981-186-2677x65798,601 Livingston Gateway,Port Jerryville,Oregon,30877
VU71,Alan,Aguirre,001-737-683-0450x374,0770 Margaret Park Apt. 996,North Wyatthaven,Virginia,42730
WK47,Adam,Riddle,+1-693-925-4675x6712,6134 Christina Ranch,Rangelburgh,Nevada,23181
IO44,Michael,Wilkins,(966)363-5129x3072,7304 Jerry Village,Tylermouth,Alaska,02999
RH67,Hannah,Garcia,(221)955-5413x75259,3787 Jennifer Heights,Lake Cameron,Illinois,10927
NV24,Melanie,Taylor,061-234-0296,838 Hall Pike Apt. 938,Scottport,Maine,23175
UY67,Tabitha,Pennington,001-783-893-2505,872 Valdez Circle Apt. 734,Jonesbury,Maryland,18025
NT19,Kristina,Mccullough,267-778-9447x223,322 Michelle Vista Suite 017,Port Travis,California,18101
ZA65,Richard,Warren,001-357-564-3588x617,64153 Harvey Flat Apt. 183,Port Autumnstad,Pennsylvania,64279
UM83,Rachel,Campbell,+1-032-708-1382x36570,3621 Wilson Squares,Port Carol,Tennessee,22777
KF76,Cheryl,Ramos,+1-188-261-3552x57320,7949 Snyder Pines,New Kevin,Kansas,78722
MR79,Gail,Ochoa,(781)328-3752,979 Melissa Views,South Kenneth,Missouri,22713
MJ28,Alejandro,Vazquez,(463)396-4913x00735,57136 James Dam Apt. 184,New Michaelafort,Montana,45910
JP05,Kelly,Fox,2928670490,960 James Village,Lake Johnview,South Dakota,57178
EL05,Bonnie,Harding,001-750-504-0815,2165 Tate Islands,North Kimberly,Pennsylvania,81179
QO24,James,Porter,(013)452-6962x88154,33313 Stephanie Mews Suite 949,East Alecbury,Pennsylvania,40655
BS65,Donna,Gregory,+1-214-195-0146,877 Williams River Suite 145,Port Sarah,Connecticut,99638
PA60,Joseph,Lester,465-102-0041x2723,921 Shelby Radial Apt. 466,South Jeffreyborough,Michigan,26527
RH95,Gary,Burke,(192)204-1631x12772,0162 Mullins Roads Suite 457,New Kimberly,North Dakota,62155
UA47,Tamara,Myers,544.307.5915x148,71532 Jason Parks,South Becky,Iowa,54527
BT96,Juan,Moore,+1-038-038-6577,17063 Cory Ways,Greenmouth,Kentucky,27912
DH61,Sara,Hudson,001-915-070-1284,621 Moore Ways,Lake Curtis,Arkansas,31195
FC16,Trevor,Baker,9225232290,80834 Ashlee Knoll,New Robinland,Kentucky,42924
DC20,Christopher,Harrison,001-786-491-6867x502,7063 Madeline Fords,Barnesshire,Kansas,11535
AT75,Debra,Stephens,+1-542-806-6223,8418 Kathryn Meadow,Stephanieview,Hawaii,87638
JL50,Carmen,Black,001-193-947-8494x658,37863 Samantha Estate,Mcknightburgh,New Jersey,76584
WR40,Mary,Vargas,(559)008-5334x854,75447 Michael Valley Apt. 824,Sharonstad,California,45127
WC20,Lisa,Martinez,(274)055-7378x9843,128 Barbara Harbor,West Alyssachester,Louisiana,28028
RX24,Tabitha,Fields,897-298-9363x634,970 Brendan Avenue,Nataliechester,Texas,23076
YY73,Sabrina,Duarte,(820)720-9392x793,8527 Valerie Villages,North Tiffany,Maryland,01460
TX34,Amy,Gill,914.357.5940x13705,2805 Felicia Road,Port Jacquelinefort,Louisiana,49251
VR51,Donald,Maxwell,001-475-393-8703x5796,71579 Fitzpatrick Locks Suite 195,Owensfurt,Kentucky,09146
VR60,Samantha,Young,596-316-7410x89663,753 Leah Motorway Apt. 397,East Franktown,Nevada,75622
GS19,Nicole,Lopez,(021)768-2403x5472,1902 Jennifer Falls Suite 001,New Jessicastad,Minnesota,62950
TW40,Jodi,Watts,517.632.1428x29416,0223 Hernandez Islands,Howardberg,Delaware,83831
XO86,Joanne,Kramer,(045)848-1299x1829,8083 Robinson Fall,Stephaniemouth,Delaware,05780
NV71,Crystal,Hood,319.277.8323,04034 Freeman Stream,North Lesliestad,Kansas,98803
XB08,April,Moss,9614159404,36993 Rojas Course Suite 988,Reginaburgh,Wyoming,94338
YP81,Caroline,Huffman,019.536.1183x30647,5845 Roberts Key Suite 136,West Donna,Idaho,72751
JO14,Kurt,Scott,371.558.4030,727 James Circles,Harrismouth,Montana,59649
YP91,Cathy,Johns,734-498-0688x8012,02706 Alexander Turnpike Apt. 199,Michaelside,Illinois,70908
BJ50,Stephanie,Nelson,558.981.6412x63427,4361 James Shore Suite 292,Lake Laura,Virginia,31521
DS71,Antonio,Nguyen,001-237-089-8578x502,5651 Colon Shores Suite 763,South Daniellechester,Oklahoma,71838
YX76,Frank,Lewis,(739)323-4511x55606,0768 Cardenas Views,New Sean,Nebraska,26815
VZ77,Emily,Robinson,+1-089-279-2925x614,31692 Kendra Orchard Suite 954,Mcculloughland,Arizona,20213
YQ64,Amy,Hall,+1-872-056-7713x054,035 Dillon Way,Andersonhaven,Michigan,14175
WO40,Benjamin,Obrien,+1-321-117-8542x113,14075 Paul Trail,Joshuamouth,New Mexico,95191
AP27,Andrew,Duarte,(021)089-6070,6998 Smith Trail,Lisaton,New Jersey,55041
AT51,Natasha,Coffey,+1-976-250-9296x5559,57296 Daniel Junction Suite 641,Christopherfort,New Jersey,06802
EK70,Nicholas,Watson,667-178-6333,30991 Jefferson Way Suite 451,Richardfort,Delaware,65368
CT91,Robert,Lewis,4637840201,16393 Leach Prairie Suite 536,New Brandon,Michigan,96994
UP07,Teresa,Mendoza,351-551-0751x440,79404 Daniels Shoals Suite 441,West Christopher,Alaska,66827
JH25,Nicole,Rose,053.262.0409,8415 Natalie Fort,Pennyburgh,Idaho,85944
JM80,Destiny,Watts,+1-111-172-1063x786,0556 David Spurs Apt. 589,South Jamesside,Tennessee,87820
JS82,James,Flores,254-885-6602x735,7389 Sanchez Ferry,South Jacob,New Hampshire,62824
PJ88,Cathy,Parrish,561.872.3951x8941,5192 Mays Views Apt. 985,Port Adamfurt,Vermont,28090
CU81,Michael,Duffy,313.800.7240x89201,4150 Jones Cliffs Apt. 749,New Kenneth,Utah,37406
DO85,Kylie,Diaz,518.352.0820x0247,56233 Stephanie Gateway,New Laura,Nebraska,01735
SQ62,Alicia,King,981-548-8484x9888,01755 Christopher Branch Suite 717,Port Brandon,New Hampshire,15185
VU30,Isaac,Martinez,937-737-0406,52465 Estrada Highway,Jonesport,New Mexico,64762
JK18,Charles,Jones,001-084-721-2002,397 Heather Well,Nicoleport,Florida,86754
MM29,Dustin,Brown,876-077-5477x405,684 Brian Coves,Conradville,New York,73326
UD07,Jenny,Ward,001-753-677-8184,7672 Richard Manor,West Michael,Texas,78827
XE56,David,Cuevas,(688)258-7126,5348 Alan Mission,Stephaniefurt,Kansas,63196
KE97,James,Brewer,(025)936-3782x0553,9080 David Knolls Suite 418,West Joseph,North Dakota,79859
CU19,Yolanda,Sanchez,713.456.2929,8322 Kimberly Dale Apt. 780,Port Darlene,Missouri,33595
KA66,Jacqueline,Johnson,+1-859-160-9812x99726,0261 Smith Parks Apt. 666,West Kayla,New York,94993
DX32,Matthew,Robinson,001-362-204-3295x04867,972 Bobby Rest,Port Jodi,North Dakota,49149
ZH10,Michael,Webster,(437)663-3525,39219 Alicia Lodge Apt. 257,Wilsonport,South Carolina,70787
IG54,Ivan,Castro,362.247.9834x513,57218 Gabriel Heights Apt. 027,West Linda,Rhode Island,36962
XQ59,Michelle,Neal,523-593-0164,52678 Roger Extension Apt. 181,Lake Julie,Idaho,98493
KC44,Meredith,Mendez,+1-872-476-3334x87747,775 Orr Ramp,Port Catherine,Tennessee,17679
TE80,Erica,Bond,001-608-376-1462x51177,00612 Janet Locks,Ericaville,Wyoming,30002
LC35,Katherine,Thomas,(832)431-3745,3086 Rodriguez Plains Suite 147,Terryberg,Michigan,18617
HC47,James,Williams,1806159269,47430 Rebecca Path,Port Caitlinport,New York,16757
XZ03,Aaron,Mason,777.957.0702x6909,78434 Foster Estates Apt. 295,Johnsonbury,North Dakota,19470
PG69,Steven,Gray,001-223-819-2961x7947,315 James Loaf Suite 980,South Sherryview,Georgia,69287
TG77,Jaime,Brown,(361)614-6769x2528,8026 Dixon Wells,Lake Kevinside,Hawaii,42404
SU05,Zachary,Burns,990-797-2385,0055 Sanchez Views Suite 654,Stoneside,Pennsylvania,79868
DU75,Steven,Davis,434-828-5817x4216,36219 Castillo Burg,Jamieside,Nevada,67632
HW88,Maria,Smith,398-089-6526x583,2208 Flores Pass Suite 440,Christopherport,Vermont,94871
HJ67,Daniel,Duffy,001-410-669-0459x1063,232 Cooper Orchard,New Clarenceburgh,Wisconsin,61190
SO54,Alison,Osborne,764.163.4116,591 Robert Avenue Suite 737,Port Kaylamouth,Pennsylvania,21157
YX23,April,Cook,782.149.1692x2744,438 Bradley Spur,West Heather,Michigan,52822
CE56,Jessica,Ortiz,363.292.3301x32747,96928 Thompson Fields,Lake Lisa,Pennsylvania,35810
ST28,Bridget,Myers,304-597-0896x581,202 Joshua Orchard,Lake Robert,Hawaii,13790
OQ34,Jason,Kaufman,326.925.9962,60858 Emma Forge,East Clayton,Texas,01616
ZJ61,Monica,Baker,804.900.6187x0649,9926 Sharon Knolls Apt. 671,East Jessicaview,Pennsylvania,49899
BS29,Kathryn,Estrada,497-936-8631x25117,9666 Robert Drive,Hawkinsport,Montana,28058
FS24,Robert,Morris,492-535-4361,9891 Kaitlin Squares,Spencechester,Missouri,68028
BO52,Debra,Reeves,344.622.3110,137 Davis Loop,New Kenneth,Florida,66661
IQ06,Bradley,Odonnell,527.973.3802,943 Courtney Glen,Parkermouth,Arkansas,28377
WY46,Maria,Santana,282-780-3206,440 Vasquez Island,Adamfurt,Rhode Island,04772
CK22,Anna,Robinson,+1-862-543-2930x7464,371 Hurley Walk,Williamston,Kansas,23051
DU81,Randall,Castro,194.898.3990,6647 Michael Islands Apt. 145,New Scottport,Hawaii,91604
DC38,Nicholas,Arnold,+1-636-080-5379x0555,784 Tanner Coves,Port Jerryborough,New Hampshire,89482
JE23,Dustin,Huff,+1-280-258-2937x81054,479 Andrea Hills,Harrisberg,Alabama,73735
ES29,John,Murphy,(033)908-6090,7346 William Fords,Birdburgh,Maine,01545
YW06,Cynthia,Trujillo,648.594.9878x8431,7346 Dawn Shores Suite 483,Jonesland,New Mexico,57178
RY58,William,Spencer,001-877-796-6379x37787,0864 Harris Parkways,Lake Williefurt,West Virginia,53007
RR97,Ryan,Johnson,+1-537-767-1426,510 Melissa Divide,Antoniostad,North Dakota,24811
JJ79,Brandon,King,001-037-601-5946x5092,67629 Day Burg,Port David,Oregon,61883
HA78,Michael,Conner,420.830.5497,80604 Gill Row,South Johnathanfort,Nevada,58530
PV63,Maria,Ellis,(206)176-8841x4888,339 Davis Underpass Apt. 183,Lake Rita,Delaware,86757
FC92,Maria,Booth,(908)741-0229x7224,1894 Powell Heights,Gonzalezview,Michigan,87531
LZ01,Gregory,Rodriguez,381.442.2230,0407 Matthew Mountains,West Michaelburgh,Oregon,95145
DM28,Joel,Williams,548.605.4776,90181 Nathan Hills Apt. 617,New Craig,Tennessee,66392
LL12,Stephen,Brown,274-099-9870x351,75428 Robert Rue,Gonzalesville,South Carolina,82270
VL81,Zachary,Lester,(134)581-6386x347,51441 Mitchell Road Apt. 578,Cathyburgh,Ohio,61561
UD58,Katelyn,Nichols,001-568-749-0494x544,5205 Bradley Inlet,Katherinefurt,Oregon,46090
PS60,Samantha,Stewart,265-698-8435,61317 Mccall Mews Suite 006,Port Lee,Massachusetts,66696
NY33,Gary,Roberson,482.888.4652x043,24733 Moyer Islands Apt. 880,Barrerafurt,Wisconsin,91681
ZC44,Patrick,Molina,(262)527-4407x4108,306 Johnson Passage,Christopherburgh,Utah,47789
HA70,Craig,Drake,(586)032-3536x90287,3534 Bowman Knoll Apt. 467,North Cheryl,New Mexico,59448
ZK62,Margaret,Williams,212-037-3622x80705,8596 Micheal Rapid Suite 954,South Jamie,Ohio,27407
MH19,Paul,Smith,(887)116-7193,9767 Angela Ports Suite 632,Port Kelly,Virginia,77152
YV12,Kelly,Barnes,014-182-2048x8059,655 Price Route Apt. 797,Adamsside,Nebraska,61656
EA00,Corey,Jones,001-042-200-9302x54428,3316 Barnes Meadows Suite 913,East Johnshire,Alabama,38731
XW13,Ronald,Mendoza,001-105-364-3311,2527 Chelsea Locks,West Gary,Illinois,28738
MA50,Joshua,Blanchard,(084)826-4137x896,119 Angela Mission Suite 032,Murphyport,Montana,45504
JO44,Sydney,Collins,994-404-5837x93789,4324 Jaclyn Curve Suite 092,Emilystad,New Mexico,60416
SO12,Teresa,Harvey,001-777-603-3296,96373 Luis Shores Apt. 453,South Craig,New Hampshire,97824
QQ07,Gregory,Murphy,+1-030-259-6226x58808,68160 Charles Trace,East Michael,Virginia,54975
GO39,Summer,Pacheco,+1-396-517-8576x54926,56525 Jackson Shores,East Sarahfurt,Louisiana,46977
OC83,Daniel,Webb,100-393-6701x483,47899 Ronnie Forges,East Zacharyfort,Arkansas,83333
BA73,Curtis,Young,(427)225-8369x018,7495 Chase Hill Suite 442,Davisside,Kansas,06922
FD86,Lee,Grant,2648264231,7829 Fuller Mall,North Danielle,Michigan,11151
TA56,Amanda,Martinez,254-588-5376x5188,1132 Jamie Mountain,Port Andrewborough,Tennessee,38841
WC98,Robert,Velasquez,+1-743-994-3419x61540,604 Holly Squares,New Markstad,Iowa,65135
IA72,Scott,Rosario,(220)354-3629,7238 Melissa Ferry Apt. 080,Lake Leahstad,Colorado,49237
QH30,Courtney,Cunningham,+1-995-131-7049,17884 Thornton Brook,North Gavin,California,66203
QI78,Taylor,Jones,+1-797-206-2977x446,2326 Kelly Parkway,Johnsonbury,Montana,87707
OC58,Eric,Alexander,(884)086-5802x35502,1957 Blake Mills Suite 356,Murphyville,Maine,55595
JB51,Tammy,Simmons,699-754-4536x6627,35421 Wilson Trace,West Kathleen,Indiana,42380
IL23,Tonya,Burke,(184)657-6979,2007 Aaron Ville,East Cody,Alabama,98752
RE64,Dana,Trevino,462-988-9910x284,59814 Flores Vista Apt. 422,North Theresa,Maryland,56048
LX14,Brenda,Stanley,(845)649-1526x54292,4041 Edward Radial Apt. 355,Arielberg,Maine,14530
LL63,Lori,Rogers,(272)794-6644x9140,821 Sherman Dam Suite 394,North Warren,Alabama,29986
RC50,Alejandra,Swanson,683-038-2579x09547,95735 Douglas Lane,South Melissashire,Louisiana,62355
GK41,Eric,Page,+1-959-541-4390,272 Hatfield Camp,Bettyfort,Wisconsin,74569
JZ03,Julia,Anderson,+1-140-908-0738x732,545 Taylor Manors,Peterfort,Delaware,60808
ZH94,Adriana,Mccarthy,657.614.4711,812 Willis Cove,South David,New Jersey,47916
EM89,Denise,Jones,+1-800-603-5810,112 Shawna Loaf Suite 965,Stephanieshire,Colorado,96709
LC25,Brittany,Kennedy,+1-530-812-0971x431,97924 Matthew Via Apt. 187,Schneiderport,Missouri,40032
BH72,Michael,Vargas,107.661.4370,6855 Hernandez Flats,Smithshire,New Hampshire,55270
KM15,Daniel,Campbell,001-441-200-9888,0834 Brian Summit Suite 730,West Pamhaven,Florida,90662
KZ92,Barbara,West,+1-083-604-4506,34064 Stefanie River Apt. 577,Port Michael,Oregon,40830
VE13,Robert,Barrera,163-908-5442x854,4718 Cooper Crossroad Suite 824,Brownside,Maryland,89508
QC00,James,Bailey,001-800-868-2686x7131,8384 Turner Circle Apt. 202,East Mark,New York,77807
WT99,Amanda,Madden,913.083.3225,15402 Kimberly Mill Suite 718,Chelseaview,New Mexico,62637
KS70,Edward,Bowers,874.501.2735,185 Lindsey Falls Suite 049,Bushchester,Massachusetts,44274
FG48,Ellen,Nelson,598-894-9165x73893,622 Baxter Ferry Apt. 378,Fernandezhaven,Oregon,26285
CI56,Janice,Calhoun,5117742573,04102 Amy Ford,Rodriguezmouth,Delaware,81663
TZ61,Jeffrey,Collins,(469)712-9722x418,8521 Jensen Keys Suite 311,West Brittany,Vermont,65472
RR29,Dustin,Kim,665.715.6937,15878 Henderson Harbors Suite 629,East Shelbyport,Massachusetts,85499
NV48,Sara,Wheeler,+1-742-378-4053x996,3801 Herman Summit Suite 482,Dunnfurt,Alaska,33581
SN44,Michael,Robertson,(975)015-8142,6808 Kevin Run Suite 630,Port April,Nevada,70517
HT35,Susan,Nelson,001-418-018-3730x48121,5122 Veronica Key Suite 871,Holmeshaven,Tennessee,55767
TO48,Michael,Zimmerman,(561)739-1050x4634,4105 Stafford Cove,East Garrettville,Texas,37746
DE53,Christopher,Hurst,+1-302-467-3417x190,98275 Eric Mount,Davidstad,Nevada,19577
DN15,Curtis,Fletcher,001-852-195-5820x37321,3696 Ryan Run Apt. 972,Port Ericfurt,Minnesota,45529
XR75,Steven,Mccoy,207-752-3656x181,30240 Goodwin Common,Kentfurt,California,79583
KQ90,Tonya,Berger,+1-365-179-3474x3272,595 Brian Manors Suite 557,South Jason,Hawaii,56427
BE08,David,Moss,550-167-8584x7266,177 Stewart Lodge,Lake Pamelamouth,Rhode Island,49971
HZ98,Jasmine,Williamson,001-085-302-7476x9390,21045 Corey Loop,East Brianview,Delaware,78151
ZX18,Amanda,Griffin,(246)717-5386,99197 Juan Passage,New Bradleymouth,Mississippi,87307
TX29,John,Cooper,978-599-7251,28206 Hall Isle Suite 699,Pricefort,Maryland,49813
PB54,Sarah,Reed,+1-446-074-9381x4116,3206 Williams Village Apt. 852,Johnstonmouth,Hawaii,69543
GD00,Dominic,Jones,+1-776-505-3744x890,35985 Kemp Mountain,West Marissaburgh,Maine,43336
XC58,Betty,York,(421)953-0583x58044,47801 Brown Bridge,Dunlapport,Tennessee,31111
NO36,Ashley,Pratt,+1-227-176-5890,09116 Scott Groves,Bergfurt,Indiana,68260
MK24,Gabriel,Bruce,001-599-337-2620x579,26898 Brady Fields Suite 887,Brownborough,Missouri,86432
LW84,Sherry,Jensen,510.274.1608,0440 Morgan Motorway Apt. 730,South Andreaport,Utah,48164
OU42,Sharon,Patel,855-306-3484x479,564 Sherri Plaza Suite 153,Lake Derekberg,North Dakota,55265
IC29,Megan,Frazier,+1-116-602-3979,77069 Valerie Lane Apt. 894,Lake Kathy,Mississippi,67658
VF53,Marc,Ryan,001-329-166-6530x60237,7398 Barton View Apt. 082,Schmittstad,Alaska,14137
JU94,Shelly,Smith,001-396-224-8498x55847,8814 Vazquez Crest,Tinaview,Wyoming,63062
MZ85,Cory,Diaz,001-508-716-2808x730,53040 Fisher Ferry,Wardfort,Nevada,43643
ZL30,Jeffrey,Clements,488-891-2502,4316 Torres Ports,Joshuaburgh,Nevada,55673
CW69,Dustin,Green,161.510.6558,384 William Centers,North Perry,New Hampshire,89404
ST23,Nicholas,Mcdonald,069-664-3158x34067,1854 Mcguire Meadows Suite 355,Lake Debbiefort,Georgia,31876
SB43,Kyle,Jones,857.042.8607x2364,7447 Klein Way Suite 766,Bettyville,Missouri,71544
KU80,Michael,Dixon,(221)073-7358,22547 Julie Spur Apt. 317,Georgechester,Missouri,55234
AL47,Christina,Douglas,006.327.8600x86002,9396 Martinez Highway,North Mckenzie,Maryland,22662
DB12,Robin,Warren,932-762-3191x1386,79608 Hicks Shoals,Tanyabury,Maine,95450
NJ97,Paul,Pierce,009.825.6955,48256 Jennifer Mountains Apt. 465,Sandrastad,Utah,02950
FL57,Christina,Pittman,(865)878-0103x22287,26951 Thomas Trafficway Suite 735,New Rachelview,North Dakota,64169
SF20,Cynthia,Romero,+1-493-937-6869x38286,3610 Turner Hills Suite 955,Dustinfurt,Montana,06994
PO63,Jennifer,Barnett,9224884440,215 Carmen Summit Suite 871,Josephville,Connecticut,70804
GU42,Brandon,Cole,736.202.9731,767 Erica Islands,East Deanborough,New Hampshire,27717
XH14,Paul,Porter,760.649.8575,49857 David Turnpike Suite 231,Katherinebury,Kansas,85470
UE82,Colleen,Silva,963.863.9753,9935 Lisa Green,Anthonyborough,Nebraska,63115
VW29,Amanda,Waller,6814005821,603 Reed Corners Suite 165,Paigemouth,Maryland,37979
VL76,Barbara,Smith,8596259254,85702 John Branch Suite 630,Lawsonmouth,Nevada,72443
YR43,Michelle,Bruce,001-033-409-1425x38853,31213 Cathy Island,South Susan,Rhode Island,21746
AF74,Judy,Williams,(207)935-6807x91598,83086 Sandoval Loaf Suite 655,Danielland,Oregon,84931
HW92,Rodney,Perkins,+1-242-939-9030x215,4653 Wright Path Suite 821,North Julian,Virginia,30044
CC64,Philip,Brooks,(173)021-0583x743,51278 Nicholas Plains Apt. 170,Smithview,Maryland,30995
NI29,Nicholas,Walsh,478-745-5965x8109,5293 Kenneth Meadows,Michaelhaven,Alabama,56110
YQ49,Victor,Ritter,(578)217-1215x866,4414 Sanchez Mountains Suite 650,Knightstad,Arkansas,35123
RJ34,Jennifer,Diaz,493-826-4180x9739,51478 Moore Groves,West Bryantown,New Jersey,98777
TI68,Stephanie,White,608-467-1655x0189,728 Lyons Glen Suite 742,Sophialand,Mississippi,10400
YO18,Brandi,Black,292.207.8632,11723 Perez Squares Suite 138,Curtisport,Kentucky,56771
WT10,Cameron,Williams,+1-441-080-9553x64581,723 Donna Manors Suite 448,Troyview,Louisiana,30774
CA47,Laura,Montgomery,001-564-276-6872x3254,364 Tony Manors,North Nataliemouth,Utah,85020
YK82,Claire,Rodriguez,388-854-9922,203 Eric Villages,Colinfurt,Iowa,29483
EL04,Lonnie,Cooper,(896)951-2030x916,776 Pratt Row Apt. 141,Seanville,Oregon,71003
JV69,Jennifer,Jenkins,173.280.0958x127,0302 Lance River,Riveraside,Tennessee,81244
QW57,Mallory,Reynolds,001-610-288-9602x3253,082 Gordon Highway Suite 290,Waltersside,Delaware,60196
FM47,Jesse,Key,9580561195,54135 Frye Squares,East Bonniemouth,Mississippi,19634
UA05,James,Thomas,+1-941-806-6409,8946 Stevens Lock Suite 113,Baileyshire,Maryland,51520
JC93,Donald,Peterson,(698)413-6102x482,3764 Love Throughway,New Alexander,New Jersey,59326
JQ34,Nathan,Rollins,6274866951,39395 Willis Lock,Lake Jasonstad,Ohio,41268
QX85,Heather,Taylor,001-521-686-6786x297,7835 Richard Common,Benjaminland,Virginia,42708
PP35,Alexandria,Osborn,3245984570,5598 Guzman Harbors Apt. 246,Lake Kyle,South Dakota,66188
SO20,Corey,West,107.420.3515,474 Curtis Ridge Apt. 895,East Scottfurt,Connecticut,73733
WT80,Janet,Mccoy,001-372-603-8911x839,893 Buckley Street Apt. 266,Craigchester,Oregon,89429
RZ86,Matthew,Chavez,+1-736-758-9807x43817,85974 Paula Tunnel Suite 910,Lake Marc,West Virginia,75794
VQ35,Ruth,Waters,766-963-3225,3713 Thomas Pine Suite 061,South Karenmouth,New York,71519
HB49,Paul,Simpson,001-430-966-5367x6398,247 Isabella Motorway,Hernandezport,Vermont,36341
VK91,Kimberly,Chan,640-753-0599x56770,0820 Herrera Crossroad,New Evan,Colorado,36511
WD84,Rickey,Mccarty,(756)579-3318x0919,9052 Gross River Suite 778,South Ericbury,Connecticut,65482
TG26,Derek,Woods,964.600.1295x111,469 William Track Suite 804,Johnsonborough,Arizona,61297
CS14,Linda,Sosa,034.190.7589x0137,05425 Mary Stream Suite 285,North Lindsey,Michigan,26629
VX73,Ruben,Powell,602-992-0902x35805,2517 Gibbs Passage Apt. 768,East Davidfort,Tennessee,56320
EW62,Jennifer,Little,(533)840-9957x47071,778 Amanda Lane Suite 711,Melissaton,Utah,13881
GS17,John,Dalton,(341)004-9005x254,21453 Sarah Forest Apt. 788,Markshire,New York,39487
MV45,Steve,Cochran,447-303-9435x9940,9262 Christopher Expressway,New Frederick,Mississippi,94016
YV52,Caleb,Rivera,913.603.4600x2698,252 Flores Forks,Kayleefurt,New Jersey,05403
DG07,Carol,Jones,0164140438,1204 Berger Grove,Ramirezbury,Wyoming,31959
PJ22,David,Frederick,001-764-288-8112,7670 Christopher Landing Suite 121,Grimesfurt,Nevada,41288
BM75,Jose,Taylor,9021028645,70837 Daniel Ridge Apt. 954,South Jacquelinechester,North Carolina,38399
HV91,Corey,Sanders,001-663-396-9309,324 Foster Mountain Apt. 920,Foleyberg,California,87215
WI16,Andrew,Alvarez,012-362-1231,74607 Deanna Islands,East Chadbury,New Mexico,79979
JO41,Stephanie,Vaughn,912-299-6356,10945 Eric Shores Suite 365,Lake Nichole,New Hampshire,40016
VH64,Cheryl,Thompson,001-699-896-7841x27650,82382 Michelle Extensions Suite 340,New Gabriellechester,New Mexico,26946
DR22,Jonathan,Willis,889-987-7992x4893,5411 James Crest,Jenkinsburgh,Wyoming,34186
RF15,Paul,Best,597.474.8844,53226 Brown Village Suite 665,North Ronald,Wisconsin,16934
WR59,Daniel,Hogan,148.279.2954x58507,636 Harris Island Suite 327,Kimberlyshire,Georgia,38331
OL84,Michelle,Roberts,(966)096-5991x2315,30822 Patrick Parks,South Donnaburgh,Ohio,61450
KM37,Mathew,Sanchez,(677)579-4466x76693,2149 Matthew Path Apt. 355,Christineview,Arizona,47584
GG83,Gene,Anderson,001-396-020-5417x814,501 Hall Fields,Paynemouth,Kentucky,84706
FB61,Nicholas,Briggs,001-834-577-6371x46095,813 Ross Landing,Russellbury,Florida,23493
FW83,David,Johnson,001-713-548-6751x864,9319 Carla Run,New Sean,Ohio,83288
YA44,Richard,Adams,495.599.0521x8670,72357 Morgan Hills Suite 364,Dickersonchester,New Mexico,20196
WW41,Kimberly,Ortiz,701.769.7348x109,088 Wells Well Apt. 560,East Edwardtown,West Virginia,26719
CY51,Patricia,Sanders,576-449-2552x2484,53015 Wilson Fields Apt. 388,Jameschester,Massachusetts,55710
NI02,Jill,Ramsey,142-424-3590,153 Horton Cliff,Joseview,Nevada,36581
GD02,David,Williams,130.812.3970x203,1794 Nunez Flats Suite 044,Lopezfort,Colorado,03820
GF95,Robert,Cooper,001-838-473-3976x60590,9025 Alexandria Pass Apt. 992,Amberborough,Wisconsin,80751
UK06,Jason,Roberts,+1-422-612-8353x2176,917 Elizabeth Path Suite 669,Ericborough,Virginia,66343
SK89,Joanna,Kelly,001-129-414-1882x612,136 Erik Dam Apt. 362,Erinborough,North Carolina,73819
EN29,Shannon,Foster,505-671-1595x787,1169 Regina Well,West William,Georgia,78960
UU60,Stephanie,Larson,784-828-6258x47171,57400 Teresa Dale,East Michaelshire,Texas,53414
VU28,Connie,Jones,939.837.9383,69650 Anderson Mill,West Greg,Missouri,10761
IS41,Amanda,Montgomery,+1-332-651-8699x155,33006 Thompson Fords Suite 896,South Josephbury,Wyoming,44725
XU32,Tara,Morris,001-798-196-8199x49886,145 Kevin Branch,Andersonville,Maine,23293
XP18,Natalie,Houston,(347)374-4182x243,74305 William Passage Apt. 607,West Waltertown,Wyoming,20716
NY50,Jacob,Holt,120-311-9795x4980,01812 Hunter Gateway Suite 534,Sandrafort,Arkansas,75294
OT72,Susan,Cooper,+1-014-821-0166,4613 James Plaza Apt. 304,Johnsontown,Arizona,39470
QY33,Lori,Macdonald,116-619-8116,008 Gordon River Suite 944,Michealburgh,Nevada,97228
TY56,Misty,Park,7339523465,6372 Mcfarland Avenue Apt. 353,Thompsonfurt,North Dakota,93464
BO71,Kyle,Singh,+1-796-789-1369x850,33733 Jeff Heights Apt. 086,Markmouth,Texas,83802
ZV15,Jennifer,Herman,+1-858-371-2760x934,95591 Curtis Vista Apt. 503,West Matthew,New Hampshire,76037
HP53,Thomas,Oneill,(846)101-7986x88895,592 Amy Cove,West Barbara,New Jersey,67300
XJ96,Kristen,Montes,(007)018-1345x247,121 Johnson Forest,Saraberg,South Carolina,04387
SQ92,Karen,White,(721)586-2498x6121,1659 Jonathan Turnpike Suite 899,South Madison,Wisconsin,38721
XG53,Nicole,Baker,(856)583-4332x14533,38826 Hubbard Harbor,Port Ashley,Oklahoma,96026
TA75,Julie,Mullins,(103)414-4195x3393,6307 Juan Motorway,Alexisville,Louisiana,58093
OR88,Laura,Suarez,6558854116,19425 Ford Wall Apt. 642,Whiteheadville,Tennessee,26295
WJ39,Eugene,White,320.621.0255x46434,1091 White Courts Apt. 706,Loweryborough,Nebraska,89279
GU40,Michael,Sosa,+1-791-787-7223x9973,690 Barker Rue,North Margaretland,Minnesota,91575
WI34,Jessica,Carr,475-110-6113,42803 Yolanda Island Suite 445,North Jonathanhaven,Pennsylvania,72089
PI87,Danielle,Jefferson,001-476-880-9916,19697 Bruce Island,Thomasmouth,Connecticut,71875
NZ91,Melissa,Beasley,+1-123-867-6750x53257,37313 Bradshaw Fords Suite 797,Lucasview,Rhode Island,20987
JE43,James,Stewart,429-530-7928,0875 Cannon Crossroad,Jonesmouth,Idaho,52022
KE63,Daniel,Stephens,389.586.2389x8281,93669 Melissa Fort,Port Diane,Nevada,02933
PG85,Joshua,Johnson,001-672-888-1479x59416,38618 Danielle Ferry,Thompsonland,Tennessee,04893
GK32,Michael,Alvarado,740.948.9339x53818,48811 Butler Valley,Andrewbury,North Carolina,72198
GZ50,Michael,Randolph,492.904.0615x4500,897 Michele Viaduct,Port Jeremy,Colorado,49895
WN65,Brandon,Hill,228.832.1364x453,681 Graves Camp Apt. 369,Dakotatown,North Dakota,22944
RW14,Dylan,Stewart,001-976-231-0278,19528 Danielle Hills Apt. 148,West John,Maryland,68598
XB18,George,Carpenter,507.086.6168x02624,06533 Miller Rue,Sonyaville,Georgia,37793
DV07,Karen,Zimmerman,(635)056-9758,88414 Johnson Station Suite 499,Ayersshire,Michigan,05251
UZ03,John,Nelson,9035398304,5110 Rhonda Road Suite 669,Jasonshire,Minnesota,22948
IC92,Autumn,Lowe,001-660-182-8352x91787,959 Anderson Heights,Middletonburgh,South Carolina,13024
WQ89,Benjamin,Wood,058-947-4369,9343 Cruz Coves Apt. 996,New Davidshire,Arizona,12705
CF10,Erica,Reed,515-713-2103,961 Leon Tunnel Apt. 287,Walkerbury,Missouri,12450
YZ51,Heather,Medina,326-395-7076x9061,4301 Nicholas Circle,Davidburgh,Indiana,41443
DR14,Jennifer,Harrison,001-126-317-4787x73019,544 Mark Port Suite 287,Perezside,Iowa,71504
LL33,Olivia,Murray,001-514-034-3830x412,4792 Amy Burg,Reedmouth,South Dakota,68204
QV03,Nathaniel,Moore,148-952-8575x32346,1334 Brandon Vista,Port Steventown,Oklahoma,26787
AP12,Lisa,Ramirez,(258)581-2954x095,2573 Rita Brooks Suite 706,Morganfurt,Maine,40963
GQ10,Daniel,Garrison,+1-129-642-3235x734,1088 Amanda Freeway Suite 476,Harrisside,Connecticut,71263
UZ63,Danielle,Taylor,(926)897-3646,127 Smith Hill,Alishaburgh,Massachusetts,77703
RX45,Jamie,Price,147.798.2267,3650 Shields Brooks,Huertachester,Arizona,70901
GW01,Sarah,Sanders,+1-410-935-8905,4094 Kari Forks Suite 862,Catherinebury,Delaware,14974
JV64,Sara,Evans,011.517.0194x35993,1941 Latoya Throughway,Port Gregory,West Virginia,88827
BU04,Kristine,Ward,+1-562-253-5073x24435,7574 Benjamin Grove Apt. 613,Nicoleburgh,Connecticut,19804
YS35,John,Johnson,552.597.9477x4611,692 Bobby Plaza,Kristinport,Kansas,08622
UQ45,Michael,Gomez,522.656.0004,2741 William Inlet,East Alexaburgh,Maine,86138
NS79,Brandi,May,(075)422-2282x236,7478 Timothy Plaza Apt. 758,Hintonton,Texas,89204
YE05,John,Miranda,574-632-5311,503 Morgan Estate,Lake Matthew,Michigan,35566
YX61,Maria,Cooper,266-665-7966x7101,058 Dustin Shore Suite 899,Christopherton,Delaware,72380
QD95,Joseph,Savage,001-616-923-9452,73377 Eric Streets,Port Johnton,Maryland,84274
QF31,Jennifer,Murphy,860-190-9609x5408,683 Hodge Plaza,South Samantha,Washington,13355
QF72,Matthew,French,001-411-701-7342,89555 Mccarthy Port Apt. 049,Crawfordhaven,Arkansas,93771
KV14,Donna,White,8026540436,7169 Huffman Extension,Hardinton,Georgia,63002
DO66,Kristy,Robinson,091.720.7116x181,0072 Karen Spring,South Stephanieview,Mississippi,65847
JN13,Joseph,Weaver,+1-898-159-8308,5279 Baker Course Suite 676,Ramirezview,Missouri,58885
YB99,Tina,Davies,+1-305-321-4365x62251,9020 Smith Vista Apt. 878,Zavalatown,Wyoming,26573
WI10,Christopher,Alvarez,058.412.9671x973,532 Carrie Trail,Woodmouth,Missouri,00691
VK79,Michael,Hall,(716)102-1537x0809,13744 Turner Greens Apt. 536,Lake Carlos,Maine,63973
OS52,Jennifer,Richardson,231-695-5546x571,2452 Paul Centers Apt. 987,East Georgeport,Louisiana,45907
HJ52,Sheila,Baird,034.197.8205x8872,98465 Bush Passage Apt. 985,Lake Davidfurt,Minnesota,60905
XN43,Mark,Baker,001-164-213-8158x2337,8817 Sarah Corner,Andersontown,Alaska,85599
FA43,Ashley,Dennis,720.306.1646x10127,6058 Terri Ville Suite 736,New Davidside,Tennessee,85071
UN54,Stephen,Coleman,424.802.9385x46535,31165 Kemp Parkway,Lake Caitlyn,Connecticut,66382
QD27,Stephen,Hughes,(827)897-3385x938,855 Megan Hill,Toddton,North Carolina,55735
ES48,Jessica,King,086-770-8068,915 Daisy Burgs Suite 679,Michelleville,Tennessee,49253
YN75,Lori,Hanson,(394)210-1729x23268,41898 Lyons Mountains Apt. 078,West Danamouth,Illinois,94578
CE66,Dawn,Jenkins,997.118.1647x2912,517 Sydney Loaf,Reedbury,California,71447
LM99,Rick,Mosley,001-173-284-7871x171,677 Diaz Walk,New Kathryntown,North Carolina,25740
JX60,Teresa,Hall,461-562-8410,194 Christine Lake Suite 369,North Patriciaborough,Illinois,87033
OL87,John,Guerra,+1-561-875-5052x2548,2170 Raymond Cape Apt. 385,West Michaelside,Florida,26932
QW94,Kathryn,Glover,446.576.2543x90512,746 Clark Keys,West Karenland,Georgia,16243
YB59,Teresa,Johnson,+1-549-972-5751x15243,92549 Kimberly Streets,Mccannburgh,Rhode Island,98717
BJ02,Jason,Obrien,602.283.2113x405,16219 Lisa Bypass Apt. 571,Collinsberg,California,42301
YN49,Lisa,Mckinney,(504)373-2560x2004,14153 Maxwell Groves Apt. 337,Roblesfort,West Virginia,91790
TP84,Megan,Tapia,648-564-8921x08865,98097 Carter Expressway,Lake Robertfort,Idaho,73346
JY36,Mark,Martinez,639-252-7316,9934 Larry Fall Suite 435,West Jeffrey,Connecticut,79773
CB39,Tom,Jensen,001-621-794-4744x882,309 Harris Lodge Suite 007,East Makayla,Alabama,67741
YO30,Brianna,Morrow,001-664-342-4413x2909,2164 Anthony Ridges,Tanyaburgh,Montana,18024
ZY29,Chad,Martin,365.497.5316,37797 Powers Flats,Port Erinberg,Oregon,05274
JW45,Ryan,Thomas,262.242.9196,81193 Brown Junction Suite 485,Kenttown,New Hampshire,69276
GP11,Sarah,Brooks,312-692-5154,200 Jones Key,Lake Brianaborough,Maryland,48393
YY75,Michele,Orozco,+1-271-147-2424x23484,5926 Christine Vista,Mathewbury,Nevada,03874
EZ68,Stacy,Flores,072.145.6320x20858,509 Lee Rapids,Lucasbury,Pennsylvania,53309
IX62,Desiree,Graves,932-343-4605x529,036 Mason Club Suite 410,Port Alishaview,Wyoming,76146
IU82,Sally,Martin,001-171-014-2222,0133 Charles Shoal,Edwardsbury,Tennessee,02548
KV95,Amy,Thompson,8031415770,37478 Christensen Plaza Suite 051,Crawfordfort,New Mexico,48263
ZF15,Andrea,Owen,346-217-4883x4229,213 Ashley Route Suite 784,Deanside,Idaho,36511
WO77,Sean,Landry,849-727-9168x747,5318 Kristin Ford Apt. 556,South Janetmouth,Vermont,75449
LP69,Barbara,Lucas,(747)338-8609x87873,73945 Allen Trafficway Suite 412,Lake Aliciaberg,Nevada,43515
NP75,Matthew,Martinez,795-532-3447,498 Heather Extension Apt. 836,Port Joseph,Wisconsin,29943
HL85,Rachel,Fletcher,(997)112-8288,7178 Katrina Avenue,Lake Alexander,Michigan,68973
BX05,Nathaniel,Zhang,3271267073,1578 Devon Squares,North Adam,Delaware,04420
LG52,Holly,Hale,(919)110-8029x74559,9770 Kevin River,Jessicatown,Maine,94224
JT08,Gregory,Mejia,088-458-6411x170,923 Christine Gardens Apt. 682,Alexaside,Michigan,18967
RG06,Christy,Richardson,+1-736-558-6597x4642,682 Angela Roads Suite 042,Allentown,Alabama,53567
GO81,Xavier,Jones,499-774-1902,67748 Brent Ford Apt. 641,Juliabury,Iowa,74371
WE31,Gary,Mitchell,(210)796-6138x87817,120 Flores Underpass,Ochoafurt,South Carolina,18276
JK15,Alicia,Walker,752-258-7562,969 Katherine Ridges Suite 332,North Jessica,Wisconsin,48658
EO61,Rhonda,Robinson,056.685.9264x66833,9794 Catherine Square,Lake Grace,Idaho,94159
OV54,Melissa,Gonzalez,8710591603,611 Paul Harbor Suite 402,Davidberg,Georgia,50109
BF89,Daniel,Garcia,640.835.2883,132 Miller Shore Suite 100,Port Jeffrey,Arkansas,53470
CD46,Samantha,Bishop,068-168-9184,6466 Mark Cape,Kathleenside,Hawaii,15160
WM31,Paula,Sandoval,+1-916-405-3067,5422 Melissa View,South Alison,Nebraska,37103
HN53,Michele,Harper,(846)033-1618x1535,624 Denise Village Apt. 477,New Melissa,Utah,31937
AX91,Brandon,Moses,(933)307-9540,37125 Brooks Hill,East Cindy,West Virginia,95968
IL14,Roger,Evans,000-109-8564x41878,5323 Hill Ferry,Michaelland,Wisconsin,40617
AR45,Antonio,Mccoy,+1-966-218-1641x020,2370 Andrew Rue,Shanefort,Arizona,91108
EK05,Russell,Daniels,152.558.7177x2137,1081 Weber Road,East Jesusmouth,North Dakota,19134
HB49,Terri,Carpenter,(631)353-5819,88855 Garcia Ferry Suite 723,Port Alyssa,Tennessee,62689
RG36,Michelle,Moore,509-338-4083,0507 Riddle Points Suite 135,Andrewport,Oklahoma,38020
XC73,Jeffrey,Stone,641-433-7155x4225,795 Howard Roads,Richardview,Nebraska,12624
KM82,Jennifer,Williams,(923)993-8852,682 Miller Skyway,Morrisonton,Michigan,44044
ZN84,Jimmy,Bush,598-921-1832,3800 King Island Apt. 458,Vanessastad,Arkansas,20139
IM10,Barbara,Jennings,001-756-515-5388,69473 Kristen Island,South Jordanland,Kansas,06333
ZI86,Jeffrey,Lara,+1-772-528-9086x3792,3931 Michael Springs Suite 913,Melindaburgh,Colorado,36162
CQ81,Roger,Thomas,1706214322,3246 Thomas Lodge,East Amyshire,Iowa,17639
BF21,Aaron,Golden,060-923-1201,343 Benjamin Corner Apt. 807,Reedchester,Arkansas,47184
KY26,Carlos,Day,001-380-073-2778x71743,15769 Clark Mews Apt. 592,Danielsview,Nevada,04632
EN62,Christopher,Reynolds,+1-907-831-1075x0335,30274 Trevor Crossroad,South Edward,Indiana,16045
AS77,Julie,Smith,001-812-093-3524x03565,9558 Caitlin Isle,Dianemouth,Pennsylvania,77248
NO14,Anthony,Collins,001-808-834-5948x7139,266 Brown Brooks,Smithchester,Arkansas,51986
RW19,Blake,Evans,001-605-462-0295x6430,57871 Allison Stream,Tinaside,Mississippi,26832
GG15,John,King,3375777696,095 Carroll Harbors Suite 414,West Richard,Iowa,36352
ND79,Kelli,Wilson,615-194-6753x098,306 Jackson Ferry Suite 719,Patriciachester,New Jersey,86353
WR12,Erin,Wagner,001-468-998-8593x41497,00837 Gibson Inlet Apt. 005,Simsmouth,Wyoming,14154
ZU67,Gabrielle,Bauer,(192)809-0533x7692,52792 Kristin Walk Suite 087,Hansonfort,Delaware,66029
YO10,Jessica,Small,130.529.5461,6534 Peterson Estate Apt. 323,Annettefort,West Virginia,67952
DO99,Megan,Wood,169.276.7922x9500,76267 Julie Dale Suite 972,Lake Meredithmouth,Iowa,87371
BA29,Matthew,Garcia,001-560-641-1796x4781,14099 Garcia Stravenue,West Amyberg,New Hampshire,28874
JN94,Steven,Anderson,(150)603-1936x968,81496 Sherry Forks,West Cassandrafurt,Connecticut,85864
KD06,Adam,Long,327-445-2253x32748,556 Hall Falls Suite 418,Fisherstad,Louisiana,59134
AJ41,James,Castaneda,+1-240-544-3156x6662,6436 Serrano Crescent Apt. 281,Lake Michael,Colorado,29273
VH09,Derek,Santos,+1-692-278-2806x3585,9941 Stewart Loop Suite 693,Ralphbury,Massachusetts,46778
US26,Zoe,Smith,023-028-3177x5967,133 Stuart Inlet,North Charlesmouth,Maine,52240
VI43,Deborah,Jones,904-072-0208,433 Susan Street Suite 220,South Eric,Arkansas,92507
IJ17,Allen,Cortez,(474)774-1219x37387,0539 Moore Lane Suite 205,Shermanchester,Missouri,91673
RV32,Ryan,Vasquez,255.513.5988,47862 Robinson Creek,Davidmouth,Oregon,50203
QY11,Hannah,Wheeler,001-199-847-7580,5251 Ryan Pass,West Larrymouth,Delaware,20459
BI22,Deborah,Hopkins,+1-614-430-5148x55649,091 Gray Street Suite 511,New Eric,New Hampshire,16973
WQ53,Samantha,Lewis,(274)021-4960x7918,172 Victoria View,Lake Jeffrey,Maine,70473
CG67,Lisa,Johnson,001-687-691-7067,183 Vicki Mission Apt. 812,Youngbury,Maryland,08317
MA38,Ashley,Coleman,001-875-794-9150,3067 Mckinney Way,East Sarah,New Jersey,46748
WZ24,Joseph,Green,374.760.0682,953 Katrina Prairie Suite 950,Bradfordberg,Ohio,73299
EM32,Joyce,Scott,+1-439-850-1457,903 Kathleen Wells Apt. 581,West Jennifer,New York,22099
LM92,Kim,Vargas,597.871.5660x5777,630 Tammy Loaf,Davidchester,Oklahoma,58739
TE88,Rachel,Collins,(659)324-3972,150 Daniel Gardens Suite 007,Jerryberg,Wisconsin,45183
CB02,Trevor,Garrison,4678557923,8607 Mallory Shore Apt. 554,East Meghan,Ohio,61510
TJ48,Steven,Chavez,(743)110-2481x02084,54157 Branch Pines Suite 761,Meltonmouth,Wyoming,80864
JS56,Kim,Terrell,6036059447,20172 Christina Ridges,Christensenmouth,Connecticut,82692
HZ37,Andrew,Townsend,692-385-8632,994 Nguyen Roads Apt. 153,Jasonland,Nebraska,09461
XD81,Jacqueline,Ramos,001-590-714-3684x064,199 Joseph Streets,New Allisonfurt,Kansas,42169
YL45,Stephanie,Johnson,340.783.4929x9681,82654 Gardner Trail Suite 730,New Donald,Rhode Island,36259
IE66,Virginia,Green,001-917-200-2667,8970 Ewing Creek,Mistyfort,Connecticut,98730
CV39,Laura,Ruiz,804-243-9752x4041,911 Benitez Viaduct Apt. 286,Christophertown,Indiana,16948
TE11,Sarah,Barnes,4907850129,039 Perez Grove,Monicaland,Mississippi,99911
HM44,Lisa,Mueller,690.608.3791x544,47417 Joseph Way,Jamestown,Arizona,78815
KJ93,David,Sims,331-613-5386x8439,723 Rodriguez Lights Apt. 387,East Davidville,Missouri,98723
UR45,Patrick,Patterson,001-237-257-5213,674 Valdez Tunnel,Sheltonmouth,Washington,03285
XJ90,Matthew,Brown,596.137.2612x995,25413 Scott Turnpike Suite 164,South Nicole,Mississippi,49374
FR06,Joseph,Walker,+1-374-497-2269,4349 Amy Ports,Austinborough,Arkansas,24391
PK07,Peter,Baker,+1-212-861-7948,253 Santos Village,Patriciaborough,Georgia,79793
NA38,Evelyn,Baker,310.571.2695x3309,775 Reese Ways Suite 611,Port Johnborough,New Jersey,81752
IE96,Rachel,Daugherty,293.842.6001x0203,0840 Jade Spurs,New Susan,Montana,48605
WA83,Veronica,King,533-943-5959x4980,8472 Jill Stravenue,Kimberlymouth,Idaho,56014
CO89,Tammy,Pacheco,771.723.4560,52384 Bowers Parkways Apt. 503,Johntown,Florida,89902
YH65,Daniel,Vincent,+1-340-165-8529x96552,5863 Trevor Key Apt. 742,Houstonville,Oregon,88009
NX67,Timothy,Waters,(078)248-8004,856 Tyler Tunnel Apt. 360,Port Jason,Nebraska,58826
TZ66,Nathan,Harper,2971286643,86549 Ward Forks,Lake Shaunville,Indiana,59036
KN27,Steven,Richards,(890)285-6945x57418,5611 Nicholas Radial Apt. 447,South Jameshaven,Georgia,34874
DR28,Tyler,Rodriguez,909-793-2160x215,995 Yolanda Landing,Ericview,West Virginia,94127
IH28,April,Johnson,(374)453-5114x295,907 Snow Station,West Angelicaburgh,Virginia,27120
PY18,Robert,Brown,+1-952-004-4330,79585 Latasha Mill Suite 721,New Jeffreymouth,Idaho,82476
VM93,Darius,Jacobs,+1-536-412-3571x27148,64710 Hansen Throughway Apt. 555,New Amberview,Ohio,34528
UW80,Robert,Parrish,+1-582-740-9222x1867,703 William Route,Summerbury,Connecticut,19382
EN55,Rachael,Williams,781.243.4221x16574,95788 Cameron Road,Port Margarettown,Ohio,72438
ON92,Melissa,Mcgee,635-925-5704,558 Tonya Isle Suite 580,South Autumn,Missouri,49729
QC11,Kendra,Marquez,(648)216-0114x7228,842 David Neck Suite 226,North Charles,Oklahoma,03900
HN73,Robert,Klein,+1-001-675-2687x0830,22539 Price View Apt. 327,Cameronmouth,Florida,44422
WI36,Phillip,Marquez,(713)014-2339,358 Kathryn Gardens,North Jasonstad,Ohio,70679
UU37,Ronald,Nunez,8264141568,43081 Laurie Trail,Williamsview,Rhode Island,01259
PG36,Jennifer,Haas,626-191-9629x66988,600 Oconnor Port Suite 615,West Justin,Oregon,28850
FQ98,Tyler,Meza,(969)593-2496x3335,56168 Regina Bypass Apt. 060,New Judyberg,Nebraska,31934
NF10,Robert,Reese,703.068.6102x94447,986 Todd Ranch Suite 740,Morganshire,Vermont,11346
MV66,Bryan,White,970-333-5104,8740 Allison Roads Apt. 090,Allisonport,North Carolina,47472
WK81,Tiffany,Knox,+1-150-969-1763,07076 Dodson Burgs,New Coreyhaven,New Mexico,69976
XT51,Connie,Sosa,+1-319-642-0417x747,5620 Lawson Unions,East Morgan,Wyoming,32753
MW84,Christina,Bryant,227.618.5387x092,217 Aaron Circle,Dianefurt,Washington,75770
YV06,Maria,Martin,(011)544-4776,198 Gallagher Burgs,Port Williamstad,Missouri,96592
QO48,Hector,Wilson,650-008-4479,40395 James Via,Josephport,Georgia,51074
ZG32,Heidi,Griffin,114.012.0951x1745,54914 Savannah Mountains,Bensonshire,North Carolina,98699
YX09,Vincent,Harvey,806.942.4845x5317,74259 Matthew Spring,New Denisebury,Delaware,56957
WP03,Kayla,Rosario,(487)765-4298,0405 Mendez Meadows Suite 269,North Donaldchester,Maine,72891
UQ91,Daryl,Chaney,001-906-129-5523,093 Jasmine Ways,Pamelaville,Vermont,18191
VC87,Kimberly,Morrison,001-237-144-4531x77083,126 Hernandez Locks Apt. 579,Lake Ashley,Georgia,69877
LD63,Patrick,Stanley,001-574-493-9295x976,7307 Wallace Cove,New Aaron,Wisconsin,93693
ZC77,Bruce,Nash,(754)055-1994,3710 Torres Squares Suite 207,Collierstad,Minnesota,21993
DW37,Michael,Good,(314)966-6148x38177,1914 Dodson Dam,Mendozachester,Utah,01675
HF94,Michael,Wright,001-404-044-7290,463 Gray Valley Suite 641,South Jill,Hawaii,05949
UX88,William,Norris,001-700-473-5012x942,44196 Johnson Rapid Suite 510,South Sarahville,Maryland,34708
DJ65,Michael,Gonzalez,0975582166,10173 Lee Hollow Suite 821,South Josephburgh,Pennsylvania,82216
DQ86,Jeffrey,Montes,+1-734-137-9335,906 Kara Alley Apt. 285,South Leah,Massachusetts,53229
GR69,Brooke,Martin,+1-416-112-5943x653,149 Jennifer Shoal Apt. 279,Jamesfort,West Virginia,46768
ZP42,Kathleen,Christensen,+1-291-889-0381x28121,95641 Kelly Expressway,West Holly,Colorado,24712
EL62,Kimberly,Scott,001-670-293-5041,10111 Chandler Lights Suite 910,Stephenborough,Rhode Island,86649
NO11,Chelsea,Love,531-270-1207x5435,9787 Lisa Ports,North Joseph,Colorado,24855
UN46,Christian,Hicks,+1-465-337-4104x0274,0712 Melanie Club,Alexisland,Idaho,03451
CO20,Erika,Duran,(469)424-3145,50828 Eric Centers,Lake Jenniferfort,Connecticut,84551
OU95,James,Allen,+1-728-799-6331x775,1440 Devin Run Apt. 186,West Jenniferfort,Alaska,06481
ML71,Christopher,Clark,160-931-9261x84677,9862 Frank Crossroad Apt. 366,South Erika,Michigan,26459
XO11,Patricia,Brown,+1-637-183-9239x976,28682 May Station,West Paula,Michigan,66983
YU13,Lauren,Brewer,001-480-472-6417x52659,594 Diaz Skyway Apt. 585,Robertville,Pennsylvania,44482
WS04,Kevin,Huff,+1-909-816-9673x95935,385 Rosales Bridge,Hollandstad,Delaware,37074
CK76,Travis,Davis,+1-663-585-4899,9108 Mccarthy Trail,Fisherville,Indiana,91527
WJ07,Elizabeth,Valdez,5951125832,64865 Emma Branch Apt. 090,Greenport,Massachusetts,87356
KU30,Diana,Rice,(667)719-4147,2685 Garcia Place Apt. 471,Stevensfurt,Maryland,42644
RP76,Eric,Parsons,979-856-9493,9413 Herman Coves,West Kirktown,Mississippi,05482
QQ99,Angela,Gordon,439.208.5506x52581,27362 Guerrero Plaza,Lake Stephanie,California,15171
KW16,Corey,Simmons,(586)268-2085x8090,356 Mcdaniel Passage,East Courtney,Utah,73008
ZS93,Matthew,Meadows,+1-187-401-6773,6098 Carpenter Path Suite 326,West Lisa,Arkansas,18602
RT99,Jessica,Warner,022.290.1889x36530,5224 Mark Vista,Natalieland,Montana,71302
KJ43,David,Perry,078-063-3335x92158,7761 Baird Unions,North Jeremyside,Indiana,54149
KY28,Hannah,Keith,416-537-6087x30599,54236 Debbie Via,Port Alyssa,Washington,31791
UJ34,Theresa,Thompson,777.497.5874x539,022 Smith Square,West Sara,Illinois,18170
GM78,Bobby,Ford,431-099-4113,563 Munoz Orchard Suite 682,Patriciaville,Kansas,89812
SA68,Pamela,Russell,6788209665,437 Smith Streets,New Amanda,Mississippi,27545
GA19,Donna,Casey,862-201-9564x55346,707 Vaughn Lodge,South Michaelmouth,Nevada,27635
UE64,Karen,Johnson,(292)821-2387x4036,574 Lauren Port Suite 468,Millerberg,Oregon,38329
VK93,Jeremy,Carter,869-760-6840x52574,752 Kimberly Passage,Kleintown,Kansas,77388
QY46,Michelle,Silva,784.964.4606x02934,91781 Anna Glen,Samanthaview,Massachusetts,17117
DY45,Pamela,Tucker,001-153-363-1978x623,9404 Allison Street,Julianshire,Idaho,15703
TL85,Denise,Wiggins,+1-586-049-5262x263,28453 Angela Pike,Gillespiefort,Tennessee,12327
OY71,Kaylee,Soto,184-497-1551x423,63592 Willie Pass Apt. 436,Victorville,Massachusetts,42380
KH48,Toni,Cruz,(525)274-8680,77366 Jeremy Fall,Reeseport,Kentucky,39405
MP13,Jordan,Johnson,(301)096-0626x134,4370 Spencer Pine Suite 031,Michaelchester,Oregon,30327
TL28,Andrea,Sims,(819)851-4999,60477 Perez Walk,Michaelberg,Utah,52540
AB24,Steven,Griffin,001-926-549-1360,0999 Jackson Cove,Georgeborough,Oregon,78318
TJ59,Joe,Johnston,116.656.6070x713,8847 Campbell Ranch,Carterfort,Colorado,07420
PY00,Derek,Smith,110-918-6756,020 Espinoza Lakes Apt. 177,East Benjamin,Massachusetts,66458
EV40,Brian,Stewart,+1-804-163-5433x473,819 Rachel Glen,South Jessica,Mississippi,97563
DN27,Daniel,Hunt,(432)138-2111,1945 Steven Shoals,Josephfort,Montana,82298
TA80,Sonya,Cooper,(158)942-2717x09673,62014 Jerry Run,South Sarah,New York,85069
YQ38,Derek,Vaughn,+1-277-924-4234x74779,5129 Dean Prairie Suite 915,Jamietown,Illinois,74574
JV57,Jacqueline,Jimenez,001-154-904-1697,295 Gross Summit,West Tina,Kentucky,02691
ZA09,Stephanie,Cohen,801.612.5331x220,912 Vasquez Estates Suite 510,West Jody,New Jersey,56035
EJ03,Sarah,Garza,440-269-3916x002,82995 Alexander Club Apt. 595,South Thomas,Georgia,38428
EZ06,Juan,Wood,+1-496-476-9699x687,695 David Dale,North Sharonburgh,Iowa,28102
HS42,Seth,Perkins,(369)754-7924x831,660 Nunez Throughway Apt. 388,New Juliemouth,Minnesota,82488
QA62,Kathryn,Palmer,+1-890-241-8377x282,09022 Valenzuela Fields Apt. 158,Mooreside,New Mexico,22593
BP09,Dean,Gonzalez,676.692.0904,18257 Cummings Curve,New Douglas,Arkansas,94086
HW81,Lisa,Booker,001-961-404-7218x236,75515 Jenkins Manor Suite 749,Port Jessicabury,Arizona,25692
OV95,Sandra,Combs,(072)897-3492x34660,3121 Colleen Locks Suite 060,South Scottbury,Georgia,14317
XA49,Gabriel,Boyd,001-598-447-7107x7417,9186 Herman Spurs,Port Michelle,Vermont,75164
OJ08,Troy,Nelson,+1-118-217-0277x97199,5886 Graham Passage Apt. 927,Kaylashire,Maryland,54408
VR09,Jessica,Phillips,+1-093-295-8694x190,295 Shane Cliffs,West Alexander,Ohio,09059
KO34,Christine,Burke,482.285.6482x2935,79031 Braun Summit,East Bradleyborough,New York,16576
SP29,Samuel,Ferguson,+1-699-268-9881x95773,55203 Estrada Skyway Apt. 000,Morganton,Oregon,92806
LX29,Katie,Smith,+1-676-407-2822,097 Holmes Parks Apt. 167,Kathleenville,Kentucky,78288
AO10,Joshua,Donaldson,208-277-7274,610 Terri Mills,Hollyborough,Ohio,76861
BL12,Richard,Pierce,655-715-5912,913 Aaron Common,North Donaldfort,Massachusetts,97235
EV86,Jacob,Green,058-986-2398,435 Steven Knoll Apt. 981,Lake Laura,Louisiana,48348
LX04,Heather,Johnson,850-029-1709x236,41631 Kristina Valleys,Whitakermouth,Ohio,42769
UI06,Cody,Martinez,987-887-3994,49086 Amy Ville,Greerstad,Massachusetts,99345
SI99,Kristen,Anderson,629.288.3314x38887,8986 Rodriguez Mall,North Kevinfurt,California,08195
RO88,Karen,Kim,(930)114-6591,97757 Hall Locks Apt. 634,Port Markview,West Virginia,64080
MX15,Martin,Hernandez,443-217-5880x27525,76362 Kathy Port Apt. 500,Aliburgh,Arizona,37065
IJ78,David,Sweeney,001-836-314-4297x2678,39591 Debbie Ports,Port Thomas,Idaho,51308
UR04,Erika,Davila,0244734779,5267 Gregory Avenue,Lake Jamestown,Vermont,19501
HE86,Walter,Hawkins,2250391436,284 Perry Shoals,Jonesberg,Tennessee,02208
LN76,Sean,Williams,(736)108-7560x6666,210 Angela Garden,North Jessicafurt,Tennessee,02014
IZ55,Erin,Mosley,+1-641-736-2513x178,590 Carney Square Apt. 188,New Jesus,New Mexico,60776
ZI44,Cheryl,Tate,5628034430,11199 Jeffery Ridge,South Melinda,Massachusetts,85022
ZY55,Timothy,Delgado,+1-996-816-4047x934,718 Timothy Valleys,Torresberg,Arizona,69972
FL54,Stephanie,Horne,653-080-7059x200,47653 Carroll Radial Apt. 008,Jacobville,Idaho,41618
LT85,Karen,Villarreal,440-747-9385x881,787 Aguirre Ferry,Cooperhaven,Texas,97924
IK73,Marvin,Lynch,001-163-9280x586,6929 Chavez Forks Suite 013,Andrewport,Kansas,66414
LZ65,Tyrone,Wilson,+1-037-284-4025,5525 Terry Locks Suite 177,Charleston,Arkansas,88811
SZ18,Steven,Olsen,001-145-613-9378x23681,17057 Andrew Drive Suite 036,Port Michael,Arizona,34345
NU67,Beth,Sanchez,8152027368,1222 Jacqueline Ville,Port Shannonbury,New Jersey,39876
DE73,Thomas,Martin,+1-658-759-4266x4502,9256 Jacob Courts Apt. 807,Port Austin,Mississippi,12439